Time,CPU 1,CPU 2,CPU 3,CPU 4,CPU 5,CPU 6,CPU 7,CPU 8,Overall CPU Utilization,RAM Usage,GPU Utilization,GPU Memory Utilization
1,10.01012157,23.97406822,28.6287171,48.79886227,23.97406822,8.458571937,17.76786971,10.01012157,21.45280007,21.22270552,0,0
2,15.23796809,15.23796809,23.08630437,21.51663712,1.110962767,0,1.110962767,1.110962767,9.801470746,21.10454769,0,0
3,14.66337226,17.76652236,30.17912276,36.38542296,19.31809741,5.353921965,20.86967246,13.11179721,19.70599117,21.42614301,0,0
4,20.77722586,12.85494845,3.348215553,9.686037484,27.11504779,17.6083149,9.686037484,0,12.63447844,21.83601061,0,0
5,2.880527781,12.13000133,15.21315917,0,1.338948857,1.338948857,9.046843478,9.046843478,6.374409119,21.87583086,0,0
6,15.25138573,19.95964208,1.12661669,21.52906086,1.12661669,4.265454255,1.12661669,1.12661669,8.189001211,21.97833339,0,0
7,1.721023988,9.520942719,7.960958973,1.721023988,26.68076393,29.80073142,17.32086145,18.8808452,14.20089396,22.50988076,0,0
8,11.08829425,20.44742117,40.7255295,9.528439766,18.88756669,22.00727566,25.12698463,26.68683912,21.81229385,23.33214035,0,0
9,40.73039321,48.52902569,56.32765816,36.05121373,37.61094023,45.4095727,43.8498462,37.61094023,43.26494877,23.76240667,0,0
10,96.82941234,100,98.41470617,100,96.82941234,100,98.41470617,100,98.81102963,23.86144834,0,0
11,21.6366525,27.7827974,18.56358005,13.95397137,29.31933363,26.24626118,32.39240608,32.39240608,25.28592604,23.52041113,0,0
12,8.589288369,18.04556888,7.013241617,32.22998965,16.46952213,14.89347538,24.34975589,2.28510136,15.48449291,24.05407573,0,0
13,6.034358249,0,2.90217019,1.336076161,24.8274866,13.86482839,12.29873437,54.58327315,14.48086589,24.13153792,0,0
14,20.36965866,18.80827942,14.12414169,6.317245481,11.00138321,21.9310379,1.633107755,31.29931335,15.68552093,23.88266138,0,0
15,22.0177076,59.44920795,17.33877005,7.980894962,3.301957418,4.861603266,0.182665722,1.74231157,14.60938982,23.90833281,0,0
16,21.21351656,21.21351656,2.304760539,10.18340888,0,14.91059789,18.06205723,21.21351656,13.63767178,23.90819031,0,0
17,2.342752113,0.792637068,14.74367248,19.39401762,14.74367248,30.24482294,14.74367248,19.39401762,14.5499081,23.90816995,0,0
18,13.31021471,19.61492637,19.61492637,0,18.03874846,0.700791398,19.61492637,10.15785888,12.63154907,23.90802744,0,0
19,13.5764144,13.5764144,12.03313609,12.03313609,1.230187887,35.1823108,25.92264092,7.403301144,15.11969272,23.90802744,0,0
20,10.18599025,0,8.610305873,22.79146531,19.64009654,13.33735902,19.64009654,8.610305873,12.85195243,23.90802744,0,0
21,19.98529587,5.865053965,21.55421164,13.7096328,30.96770624,24.69204317,4.296138198,19.98529587,17.63192222,23.90424086,0,0
22,12.02747953,10.48410198,2.767214216,24.37449995,27.46125505,7.397346872,13.57085708,12.02747953,13.76377928,23.90424086,0,0
23,25.94430528,8.612121406,30.67126451,19.64169296,0.73385601,11.76342756,10.18777449,0,13.44430528,23.90259186,0,0
24,32.55984219,1.192326934,48.24359982,29.42309067,5.897454222,4.32907846,2.760702697,2.760702697,15.89584971,23.95236717,0,0
25,8.893154734,13.52570619,25.87917673,28.96754437,22.7908091,2.716419462,10.43733855,11.98152237,15.64895894,23.90259186,0,0
26,21.22807771,10.20000859,11.77544704,22.80351616,24.3789546,35.40702372,24.3789546,18.07720082,21.03114791,23.91305587,0,0
27,13.72733068,23.13889461,13.72733068,24.70748859,1.178578779,2.747172766,13.72733068,21.57030062,14.31555343,23.91305587,0,0
28,18.18776906,0,19.73139606,33.62403905,7.382380068,16.64414206,4.295126071,5.838753069,13.21295068,23.90745742,0,0
29,10.13776203,0.678579082,2.255109573,27.47959743,2.255109573,24.32653644,29.05612792,13.29082301,13.68495563,23.90745742,0,0
30,16.9091373,9.070376669,2.799368163,10.6381288,4.36712029,9.070376669,4.36712029,46.6964277,12.98975699,23.90745742,0,0
31,1.207637835,33.62388167,35.16751233,15.10031376,16.64394442,2.751268494,21.2748364,2.751268494,16.06508293,23.90753885,0,0
32,2.211568036,13.25219745,14.82943022,19.56112855,3.788800809,27.44729241,8.52049913,8.52049913,12.26642697,23.90293794,0,0
33,24.74237811,18.47090962,32.58171372,10.631574,1.224371268,12.19944113,5.927972636,2.79223839,13.57132486,23.91012432,0,0
34,45.83556058,0,28.81245104,21.07467398,8.694230684,0.956453623,2.504009035,0.956453623,13.60422907,23.90931,0,0
35,30.70768369,21.25873146,13.38460461,0,19.68390609,2.360827013,7.085303125,19.68390609,14.27062026,23.9616097,0,0
36,13.63650047,49.10722349,16.72091117,27.51634861,1.298857682,2.841063031,4.38326838,0,14.4380216,23.9616097,0,0
37,16.40686551,25.87023923,13.25240761,21.13855237,17.98409447,10.0979497,14.82963656,0.634575988,15.02679018,23.91183439,0,0
38,12.21527023,2.809763468,1.242179008,9.080101309,5.944932388,15.35043915,24.75594591,43.56695943,14.37069886,23.90259186,0,0
39,3.623478644,0,14.5046988,0,28.49483899,36.2671391,6.732398688,19.16807886,13.59882914,23.90259186,0,0
40,12.81704083,12.81704083,15.93071794,39.28329629,1.919170935,9.703363718,6.589686605,14.37387939,14.17927457,23.90106501,0,0
41,10.1044469,10.1044469,6.950216966,3.795987032,10.1044469,29.0298265,11.68156187,22.72136663,13.06153746,23.8964641,0,0
42,22.8541734,10.51084115,13.59667421,8.967924617,16.68250728,0,8.967924617,25.94000647,13.44000647,23.90049498,0,0
43,2.206197891,0.628878502,3.78351728,0.628878502,36.90722445,52.68041833,0,8.515475446,13.1688238,23.90033212,0,0
44,0.576408273,2.129901894,2.129901894,3.683395515,33.19977431,33.19977431,6.790382756,31.64628069,14.16947746,23.89876455,0,0
45,1.43002195,6.123830428,46.80350391,9.25303608,9.25303608,0,2.994624776,31.15747565,13.37694111,23.89876455,0,0
46,5.840254451,24.67220356,30.94951993,13.68689991,10.54824173,15.25622901,4.270925359,10.54824173,14.47156446,23.90623594,0,0
47,26.29242069,32.56540616,30.99715979,20.01943521,1.200478794,0,1.200478794,1.200478794,14.18448228,23.95601125,0,0
48,33.61986171,19.72634439,30.53241342,22.81379268,12.00772366,1.201654635,1.201654635,4.289102928,15.67406851,23.90623594,0,0
49,20.29341824,10.91617333,24.9820407,46.86227883,1.538928419,0,1.538928419,0,13.26647099,23.90163503,0,0
50,9.86460031,19.35253712,30.42179673,17.77121432,0,11.44592311,8.283277509,0.376663501,12.18950158,23.90466837,0,0
51,32.08009668,10.46921835,25.90556002,36.71099918,2.751047522,2.751047522,2.751047522,2.751047522,14.52125804,23.90466837,0,0
52,13.33518286,19.63807865,19.63807865,33.81959418,3.880839167,0,8.608011011,8.608011011,13.44097444,23.89546656,0,0
53,23.11104487,19.97272018,29.38769427,32.52601897,2.711934331,7.419421379,4.28109668,2.711934331,15.26523313,23.90684668,0,0
54,20.75937749,31.63554136,44.06544293,6.775738224,0,0.560787439,2.114525135,0,13.23892657,23.90662274,0,0
55,31.50859614,19.05561363,19.05561363,34.62184177,3.489385476,1.932762661,1.932762661,1.932762661,14.19116733,23.90491267,0,0
56,0,11.67014989,30.59797491,38.48456867,0.628918628,0,22.71138115,0.628918628,13.09023898,23.90491267,0,0
57,15.13933097,8.967645953,42.91191356,15.13933097,10.51056721,2.795960933,12.05348846,5.881803443,14.17500519,23.90474981,0,0
58,33.756832,47.95179658,24.29352229,8.521339435,0.635248007,2.212466293,2.212466293,0.635248007,15.02736486,23.9481327,0,0
59,42.65900355,56.60681349,34.91022024,36.4599769,13.21362699,7.014600344,8.564357005,0,24.92857481,23.90407799,0,0
60,41.93454948,19.96383847,23.10251147,2.701136963,2.701136963,12.11715597,13.68649247,21.53317497,17.21749959,23.89931422,0,0
61,21.61496549,0,65.51058481,16.91186342,2.802557203,4.370257894,2.802557203,2.802557203,14.6019179,23.90348761,0,0
62,29.38358106,0,32.52208856,32.52208856,0,0,5.844774742,0,12.53406662,23.90344689,0,0
63,18.26318106,15.1787728,41.39624302,38.31183476,4.38334388,5.925548011,4.38334388,4.38334388,16.52820141,23.90682632,0,0
64,15.63849784,20.32524796,45.3212486,18.76299792,0.01599744,0,3.14049752,3.14049752,13.2931231,23.90222541,0,0
65,12.47044127,0,65.61338764,15.59649694,9.344385599,1.529246427,1.529246427,0,13.26040054,23.90851604,0,0
66,29.31233938,19.88731796,29.31233938,26.17066557,0,0,1.03727513,2.608112033,13.54100618,23.89406186,0,0
67,23.10287447,26.24153265,18.39488719,34.08817812,2.701596266,1.132267174,0,7.409583544,14.13386493,23.89237214,0,0
68,12.26464992,20.09816332,27.93167672,34.19848744,0,10.69794724,0,0,13.14886558,23.89208713,0,0
69,16.6003588,8.878169804,36.6780502,13.5114832,2.700418604,2.700418604,4.244856404,27.4114234,14.09064738,23.9429007,0,0
70,35.91540363,32.78932576,24.97413108,14.03285853,1.528547043,0,0,0,13.65503326,23.9404781,0,0
71,7.873349653,6.311881003,18.8036302,3.188943703,23.48803615,10.99628695,32.85684805,34.4183167,17.24216155,23.8964641,0,0
72,10.59365213,18.43631422,35.69017083,30.98457357,0,0,0,2.750990033,12.3069626,23.8964641,0,0
73,12.16169075,35.6898093,15.29877323,43.53251548,2.750443332,4.318984569,2.750443332,2.750443332,14.90663792,23.89267751,0,0
74,9.029484887,13.73485636,32.55634224,27.85097077,1.187199101,1.187199101,9.029484887,7.461027729,12.75457063,23.89267751,0,0
75,25.42967422,8.340641225,23.87612576,47.17935257,6.787092771,0.572898956,6.787092771,5.233544318,15.52580282,23.89267751,0,0
76,24.85911083,21.72824045,34.25172198,13.9010645,10.77019411,2.943018159,0,0,13.55666875,23.89267751,0,0
77,20.00446118,27.84716106,10.59322132,40.39548088,2.750521433,0,1.181981456,1.181981456,12.9943511,23.88791374,0,0
78,19.73054755,44.42884061,22.81783418,21.27419087,4.294114387,0,2.750471071,0,14.41199983,23.89184283,0,0
79,21.2139615,18.06251996,41.69833151,0.729591491,10.18391611,2.305312261,2.305312261,13.33535765,13.72928784,23.89170033,0,0
80,11.3991547,0.518349142,9.84475391,39.37836901,9.84475391,19.17115868,6.73595232,12.9535555,13.7307559,23.8901124,0,0
81,4.510950296,0,2.945556039,0,21.73028713,12.33792158,32.68804693,37.3842297,13.94962396,23.93481857,0,0
82,34.12142678,0,10.59336492,1.182140176,27.84727695,27.84727695,12.16190238,0,14.21917352,23.88954238,0,0
83,9.070486151,18.47698758,35.72224021,38.85774069,1.231734957,0,2.799485196,0,13.26983435,23.88516541,0,0
84,42.88370198,21.27212976,12.01002737,19.72844603,2.747924993,2.747924993,5.835292453,7.378976184,14.32555297,23.89459116,0,0
85,10.86263353,10.86263353,17.11788731,7.735006632,10.86263353,28.06458144,12.42644697,9.298820079,13.40383038,23.8944283,0,0
86,38.32836081,24.09644407,6.70187917,0.376582842,8.283203252,0.376582842,9.864527333,14.60849958,12.82950999,23.89542584,0,0
87,25.94009423,1.253458968,41.36924126,16.682606,1.253458968,7.425117782,2.796373672,16.682606,14.17536961,23.89082493,0,0
88,11.27120377,9.686760984,12.85564656,23.94674609,19.19341772,0.180104246,33.45340283,0,13.82341028,23.89562942,0,0
89,32.88835629,7.916581887,37.57056399,21.96320499,0,0.112902386,3.234374187,0.112902386,12.97486076,23.8952019,0,0
90,27.4908778,19.77714139,32.11911964,29.03362508,1.264174021,0,1.264174021,0,13.86863899,23.8952019,0,0
91,20.69484411,3.247709819,44.48639088,12.76432853,8.006019173,9.59212229,22.28094723,3.247709819,15.54000898,23.89351219,0,0
92,20.4869675,8.014334946,40.75499539,18.92788843,1.778018671,12.69157215,1.778018671,0,13.05397447,23.94306356,0,0
93,18.18498862,19.72866808,22.816027,10.46659132,7.379232399,12.01027078,22.816027,8.922911859,15.29058963,23.88408644,0,0
94,14.88326726,2.273380923,14.88326726,8.57832409,3.849616715,13.30703146,8.57832409,52.71292625,14.88326726,23.89410257,0,0
95,30.99341281,12.17343448,29.42508128,23.15175517,1.195113792,0,10.60510295,0,13.44298756,23.88490076,0,0
96,6.77647056,11.43764703,44.06588234,36.29725488,2.115294088,0,6.77647056,9.883921541,14.66911762,23.89269787,0,0
97,1.380823754,18.600045,31.123115,21.7308125,1.380823754,26.42696375,2.946207503,0,12.94859891,23.88469718,0,0
98,16.06173081,16.06173081,61.13969019,11.39849364,0.517606891,2.072019284,3.626431676,2.072019284,14.11871532,23.88929808,0,0
99,21.73341575,13.90675732,29.56007417,43.64805934,0,6.080098899,0,0,14.36605068,23.88455467,0,0
100,34.12853533,13.73974864,23.14995788,24.71832609,1.192802992,7.466275818,1.192802992,2.761171198,13.54370262,23.88891128,0,0
101,0,36.29712819,36.29712819,28.52848529,0.561370837,0.561370837,0.561370837,5.222556579,13.50367635,23.88891128,0,0
102,1.383441915,46.77836548,7.644810683,31.12494356,2.948784107,2.948784107,2.948784107,12.34083726,13.5148439,23.88872806,0,0
103,24.71695079,18.44336336,23.14855393,37.26412566,7.464585348,10.60137907,4.327791631,30.99053823,19.619661,23.96855178,0,0
104,7.452880403,26.27602337,40.3933806,27.84461862,1.178499413,2.74709466,5.884285155,1.178499413,14.1194102,23.92301093,0,0
105,22.81626339,19.72891392,27.44728758,16.64156446,4.292166599,4.292166599,15.09788973,12.01054026,15.29084907,23.92321451,0,0
106,22.95800604,29.2471484,2.518293354,46.5422899,2.518293354,0,0,0,12.97300388,23.91262835,0,0
107,38.70145155,15.12508676,29.27090563,21.41211737,2.55102554,0.979267888,0.979267888,0,13.62739033,23.92060869,0,0
108,21.27234754,28.99074484,41.34018052,16.64130916,2.748194019,1.204514559,4.291873479,2.748194019,14.90466977,23.88929808,0,0
109,8.567615472,25.90824012,16.44971759,49.55454647,2.26193378,0,0,0,12.84275668,23.88905379,0,0
110,2.807423255,15.3484009,16.91602311,1.23980105,9.077912078,23.18651193,12.21315649,40.43035619,15.15244813,23.89108959,0,0
111,12.00569803,10.46193835,18.18073676,30.53081423,5.830659295,27.44329487,7.374418978,15.0932174,15.86509724,23.89108959,0,0
112,11.70468881,8.551284843,19.58819874,24.3183047,21.16490073,13.2813908,11.70468881,25.89500668,17.02605801,23.89084529,0,0
113,13.77321777,34.15409357,41.99289195,15.34097745,2.79890003,4.366659707,5.934419384,7.502179061,15.73291737,23.88264102,0,0
114,5.64866647,1.008436952,11.83563916,2.555180125,30.39655723,10.28889599,13.38238233,42.77050261,14.73578261,23.88760837,0,0
115,13.46897505,13.46897505,33.92176276,19.7621405,0,2.455935507,11.89568368,22.90872322,14.73527447,23.93738368,0,0
116,0,40.4003331,35.69509623,32.55827166,7.46367507,0,4.326850496,4.326850496,15.59638463,23.88762873,0,0
117,25.42574443,19.21122313,28.53300507,31.64026572,0.567659233,0,0.567659233,0,13.2431946,23.87384636,0,0
118,26.42676474,31.12292869,6.076720942,21.73060079,13.90366086,1.38055699,15.46904885,1.38055699,14.68635486,23.86700608,0,0
119,32.55280808,29.41572938,24.71011134,12.16179657,0,0,7.456178524,0,13.28707799,23.8319496,0,0
120,41.34029643,39.79662002,22.81617951,8.923091818,12.01044464,4.292062589,53.6897077,0,22.85855034,23.84159929,0,0
121,16.48895516,21.21599544,7.034874616,40.12415653,10.1862348,13.33759498,21.21599544,11.76191489,17.67071523,23.83534939,0,0
122,30.04718339,33.15619746,23.82915525,11.39309896,2.066056749,0.511549714,9.838591928,0.511549714,13.9191729,23.83838273,0,0
123,10.77256308,21.73031849,2.945594932,27.99189301,9.207169453,0,2.945594932,27.99189301,12.94812836,23.83213282,0,0
124,24.71918751,30.99258855,24.71918751,27.85588803,9.035684912,1.193933611,1.193933611,37.26598959,19.62204917,23.86930653,0,0
125,24.70727695,12.15848978,13.72708817,35.68746573,12.15848978,1.178300999,12.15848978,0,13.97195015,23.86926581,0,0
126,30.56883834,7.425117782,39.82632656,21.31135012,1.253458968,8.968032486,2.796373672,0,14.01868724,23.92221697,0,0
127,2.750833833,20.00471815,52.94395185,20.00471815,4.319368771,1.182298895,0,15.29911334,14.56312537,23.86323985,0,0
128,24.32925451,11.7174636,33.7880977,40.09399316,0,2.258620411,0.682146547,3.835094276,14.58808378,23.87262488,0,0
129,4.33925059,21.31131903,35.19755685,12.05382716,7.425081217,0,10.51091184,18.22548841,13.63292939,23.87238059,0,0
130,11.72038506,36.94313219,18.02607185,19.60249354,2.261854893,3.838276588,14.87322846,2.261854893,13.69091218,23.87115911,0,0
131,18.43298163,29.41315718,41.96192923,12.1585956,1.178420047,1.178420047,5.884209569,0,13.77596416,23.85996221,0,0
132,23.83154228,20.72262564,40.93058381,17.613709,0.514667471,0.514667471,3.623584112,0,13.46892247,23.86926581,0,0
133,21.73261597,10.77518221,12.34052989,31.12470206,9.209834531,4.513791489,4.513791489,15.47122525,13.71020911,23.86869579,0,0
134,35.72050528,23.17816485,16.90699463,29.44933507,5.932446754,5.932446754,0,2.796861646,14.98959437,23.868594,0,0
135,10.46669746,18.18508561,12.01037509,38.2528948,21.27244087,0,1.204631685,2.748309315,13.01755435,23.86234409,0,0
136,0,14.87322846,5.414698283,0,25.90818032,8.567541674,41.67239727,21.17891524,14.70187016,23.86468526,0,0
137,2.803210589,10.64166135,34.15701363,23.18318256,0,13.77704165,10.64166135,20.04780226,14.40644667,23.91387019,0,0
138,4.292213876,33.6220193,21.27262754,19.72895357,4.292213876,10.46690976,13.55425769,7.379561816,14.32609468,23.86346378,0,0
139,49.55706055,25.91193268,29.0646164,0.690462955,0,2.266804813,0,0,13.43635967,23.85784498,0,0
140,29.4279572,10.60874578,38.83756291,37.26929529,9.040478167,7.472210549,10.60874578,5.903942931,18.64611733,23.86244588,0,0
141,30.51327331,21.24837642,18.16007746,24.33667538,10.43933005,2.718582636,18.16007746,0,15.69704909,23.86244588,0,0
142,5.466163239,32.25075032,32.25075032,33.82631427,0.739471401,2.315035347,0,10.19285508,14.6301675,23.86244588,0,0
143,10.59323029,18.43592939,32.55278776,38.82694704,1.181991376,1.181991376,2.750531195,2.750531195,13.53424245,23.86073581,0,0
144,18.18776098,19.73138813,16.64413383,39.7985411,2.751489464,4.295116616,2.751489464,0,13.01998995,23.85448591,0,0
145,4.940955929,1.82426596,8.057645899,3.382610944,37.66620061,8.057645899,23.64109575,36.10785562,15.45978458,23.86285304,0,0
146,13.59985313,23.0253237,13.59985313,10.45802961,13.59985313,34.02170603,10.45802961,0,14.84533104,23.86285304,0,0
147,9.252999733,24.89903426,26.46363771,12.38220664,9.252999733,7.68839628,18.64062045,0,13.57248685,23.86285304,0,0
148,29.44880414,49.83026072,12.20295626,12.20295626,0,0,0,0,12.96062217,23.85660314,0,0
149,28.03066259,43.67617072,2.997849581,26.46611178,1.433298768,4.562400394,13.94970527,0,15.13952489,23.91384983,0,0
150,48.4745468,3.19460308,28.176641,23.49250889,12.5628673,4.75598045,1.633225711,6.31735782,16.07596638,23.86407452,0,0
151,20.00583437,20.00583437,20.00583437,46.67055624,1.183677747,4.32070385,0,1.183677747,14.17201484,23.86407452,0,0
152,26.7279556,29.84591494,20.49203693,9.579179255,0.225301247,12.69713859,12.69713859,0,14.03308314,23.86407452,0,0
153,22.66045271,7.19254325,50.50268973,10.28612514,10.28612514,0,2.552170413,1.005379467,13.06068573,23.85322371,0,0
154,33.6200811,24.13723554,44.68340091,3.591070164,3.591070164,2.010595904,2.010595904,5.171544423,14.85194926,23.86136691,0,0
155,20.80188102,11.48445525,17.69607243,28.56640249,11.48445525,11.48445525,3.719933785,5.272838079,13.81381169,23.86615104,0,0
156,31.40081531,18.92823627,12.69194676,17.36916389,11.13287438,0,9.573801996,3.337512479,13.05429389,23.86030829,0,0
157,20.45034364,29.80912675,14.21115491,9.53176336,3.292574627,22.01014083,12.65135773,0.17298026,14.01618026,23.86450204,0,0
158,10.95389339,28.13822975,23.45159256,20.32716777,7.829468595,10.95389339,1.580619008,0.018406611,12.90665888,23.86450204,0,0
159,17.03685552,34.25562136,29.55959431,27.99425196,1.383432036,4.514116733,1.383432036,0,14.51591299,23.87091481,0,0
160,18.84759388,32.89320263,42.2569418,9.483854716,0.120115549,0.120115549,3.241361938,3.241361938,13.7755685,23.92323487,0,0
161,23.60295308,28.2803233,50.10805099,14.24821265,4.893472207,0.216101988,1.775225394,0.216101988,15.4175552,23.87345956,0,0
162,31.32976048,18.84426239,21.96563691,17.28357513,0.116015248,9.480138819,3.237389772,0,12.78209734,23.87345956,0,0
163,28.80924817,31.97328159,41.46538183,3.496980854,3.496980854,3.496980854,0.332947439,3.496980854,14.57109781,23.87185128,0,0
164,11.39887265,9.844466907,23.83411859,0,19.17090137,6.735655422,14.50768414,17.61649562,12.88852434,23.87168842,0,0
165,31.39830315,0.21571367,20.48439683,29.83917367,3.333972618,0.21571367,20.48439683,0.21571367,13.27342301,23.86708751,0,0
166,42.25461746,14.16226919,12.60158318,12.60158318,1.676781077,3.237467092,12.60158318,18.84432724,14.74752645,23.8720345,0,0
167,22.08305383,11.17468137,32.99142629,37.66644306,0.266308902,3.382986749,1.824647825,1.824647825,13.90177448,23.871892,0,0
168,19.8431012,26.12991679,18.2713973,41.84695577,0,2.554358322,2.554358322,0,13.90001096,23.85202259,0,0
169,26.78135784,39.24410544,11.20292334,14.31861024,0.298019191,6.529392991,3.413706091,0.298019191,12.76076679,23.84742168,0,0
170,18.07886933,14.92805661,35.40833928,3.900212098,0.749399379,18.07886933,21.22968205,3.900212098,14.53420502,23.84742168,0,0
171,28.67329551,25.57213445,47.2802619,0,6.965168057,2.313426459,13.16749019,0.762845927,15.59182781,23.89719699,0,0
172,17.21510049,31.27291361,40.64478903,21.90103819,4.719266597,1.595308124,9.405204305,0.033328888,15.84836865,23.84742168,0,0
173,12.33820262,34.25365197,48.34215512,9.207424143,1.380477948,1.380477948,1.380477948,0,13.53535846,23.84742168,0,0
174,3.192349083,43.78910592,10.99941771,28.17496867,23.4907275,1.630935358,3.192349083,3.192349083,14.7077753,23.84742168,0,0
175,36.01184783,17.28360818,34.4511612,9.480174985,3.237428432,3.237428432,3.237428432,0.116055156,13.38189158,23.84742168,0,0
176,0.266030391,32.99123917,34.54958244,29.87455262,0,8.057746766,4.941060216,0,13.83502645,23.84768633,0,0
177,37.57068871,36.00995593,11.03823141,15.72042976,0.113101935,0.113101935,3.234567499,0,12.97500965,23.84284113,0,0
178,46.73987373,21.6762849,6.011541883,35.77455362,2.878593279,0,1.312118977,1.312118977,14.46313567,23.85133042,0,0
179,11.7568871,44.84805444,38.54497494,5.453807605,0.726497985,2.302267858,0.726497985,8.605347351,14.12054191,23.85100469,0,0
180,31.23139121,40.60892878,3.098778529,28.10554536,0,0,0,0,12.88058048,23.85067896,0,0
181,29.83759843,40.75174978,45.42924322,50.10673666,3.331802275,0,14.24595363,0.213473317,22.98956966,23.85067896,0,0
182,12.64576801,20.44525301,6.406180007,22.00515001,1.726489008,11.08587101,9.525974007,46.963502,16.35052338,23.85067896,0,0
183,14.25078812,9.573558381,15.8098647,17.36894128,23.6052476,20.48709444,3.337252062,11.13263496,14.44567269,23.90491267,0,0
184,24.49273464,4.042850272,30.78500675,43.36955098,13.48125844,0.896714216,4.042850272,2.469782244,15.44759348,23.84593555,0,0
185,15.98830019,22.21138907,31.54602238,22.21138907,1.986350227,1.986350227,0,17.54407241,14.1842342,23.85963648,0,0
186,12.68901954,12.68901954,22.04376745,8.011645588,0.216022333,18.92551815,18.92551815,11.12989489,13.07880071,23.85949397,0,0
187,23.53486306,20.41383706,34.45845405,1.687681076,4.808707073,9.49024607,25.09537606,1.687681076,15.14710569,23.8580282,0,0
188,50.13467129,18.96884085,23.64371542,9.619091719,0.269342586,0,0.269342586,0.269342586,12.89679338,23.85774319,0,0
189,10.41522074,10.41522074,44.99180221,18.27353471,5.700232355,4.128569561,2.556906766,7.271895149,12.96917278,23.85774319,0,0
190,19.76294033,40.21552417,7.176734893,43.36207553,0,2.456907853,0,2.456907853,14.42888633,23.85361051,0,0
191,17.69507448,13.03630511,23.90676697,20.80092072,2.165843245,27.01261321,0.612920122,0,13.15380548,23.85361051,0,0
192,9.616730055,9.616730055,20.52505574,11.1750623,3.383401094,31.43338142,9.616730055,11.1750623,13.31776913,23.8444087,0,0
193,31.29893577,51.59697747,9.43950624,12.56228189,3.193954946,1.632567122,1.632567122,3.193954946,14.31884319,23.85847607,0,0
194,23.14188062,23.14188062,9.025083177,49.80694244,12.16214927,0,0,0,14.65974202,23.90823102,0,0
195,16.91226356,27.88611555,34.15688811,34.15688811,5.938411582,4.370718442,1.235332161,12.20918414,17.10822521,23.86067474,0,0
196,65.6316812,18.76579193,12.51700669,9.392614076,1.581632531,1.581632531,3.14382884,3.14382884,14.46975208,23.85908681,0,0
197,24.16945434,25.7170165,30.35970297,8.693832779,0,0,13.33651925,4.05114631,13.29095902,23.85448591,0,0
198,21.96585515,11.04107488,3.237660392,0.116294598,9.48039198,15.72312357,14.16244067,37.57268412,14.16244067,23.85908681,0,0
199,0.281768899,14.52723048,3.447427029,22.44137581,0.281768899,9.778743289,28.77269207,20.85854675,12.54869415,23.85908681,0,0
200,22.2744317,26.93796579,30.04698853,9.838340767,2.065783936,0,11.39285213,11.39285213,14.24365187,23.84007244,0,0
201,12.77635938,0,42.37009459,37.69739956,1.873404306,6.546099339,11.21879437,0,14.06026894,23.83127779,0,0
202,12.5627275,12.5627275,39.10618522,40.66756509,1.633068437,0.071688571,4.755828169,3.194448303,14.31927985,23.83632657,0,0
203,40.7849635,0.26941221,32.99351133,32.99351133,6.502573947,0,0.26941221,0.26941221,14.26034959,23.83632657,0,0
204,20.36510681,32.85685476,25.04951229,29.73391777,0.06601639,0.06601639,0.06601639,0,13.5254301,23.83172566,0,0
205,9.434818303,20.36509885,62.5247524,20.36509885,7.873349653,0,3.188943703,3.188943703,15.86762568,23.88557257,0,0
206,40.5154175,29.55773125,34.2538825,0,1.380823754,0,12.33851,0,14.75579563,23.83089098,0,0
207,3.237235131,32.89034049,15.72275318,26.64758147,20.40482245,3.237235131,12.60137367,9.479994155,15.52766696,23.83532903,0,0
208,14.32319738,12.76543733,22.11199761,45.47839833,0.303356945,0,3.418877041,0.303356945,12.3380777,23.83516616,0,0
209,7.019028282,2.291182262,5.443079608,11.7468743,8.594976955,22.77851501,32.23420705,25.93041236,14.50478448,23.83056526,0,0
210,45.24048028,20.20755698,15.51388386,9.255653035,1.432864503,1.432864503,6.126537622,12.38476845,13.94932615,23.83056526,0,0
211,20.16758021,13.90621395,31.12497116,10.77553082,12.34087239,21.73292177,0,9.210189257,14.90728494,23.82333817,0,0
212,0.113451142,40.69236162,9.477815098,51.6174529,4.79563312,3.234905794,1.674178468,1.674178468,14.15999708,23.82708404,0,0
213,16.86741461,1.182021136,30.98426873,30.98426873,2.750560483,9.024717871,10.59325722,1.182021136,12.94606624,23.82708404,0,0
214,3.433183339,28.35365215,31.46871076,36.14129866,0,0,0.318124737,0,12.46437121,23.82248313,0,0
215,36.55052346,30.36033063,30.36033063,14.88484855,2.504462881,2.504462881,2.504462881,2.504462881,15.2717356,23.82500752,0,0
216,22.51951901,25.68198762,20.9382847,16.19458179,1.963473032,0,19.3570504,0.382238726,13.37964191,23.81580571,0,0
217,16.34929797,0,14.80021089,53.52738776,16.34929797,11.70203674,3.956601371,3.956601371,15.08017926,23.87321527,0,0
218,9.379576331,31.2534717,18.75410292,31.2534717,0.005049745,0.005049745,17.19168182,9.379576331,14.65274754,23.82175024,0,0
219,20.40485425,25.08692164,21.96554338,34.45105644,1.676584659,0.115895526,7.919341188,0,13.95252464,23.82897733,0,0
220,8.381340668,6.801708611,65.24809474,8.381340668,0.483180381,2.062812439,8.381340668,2.062812439,12.72532883,23.8286516,0,0
221,34.6131194,42.39727186,12.81749254,9.703831557,1.919679105,9.703831557,14.37432303,0,15.69119363,23.82909948,0,0
222,23.60497318,37.6367128,22.045891,20.48680882,1.777822657,1.777822657,0.218740477,3.336904837,13.86070955,23.82895697,0,0
223,53.1794523,18.84438398,18.84438398,9.480274441,7.919589517,1.676849824,3.237534747,0.1161649,14.16232921,23.82895697,0,0
224,36.07440944,12.68699826,42.31105242,14.246159,0.213712292,0.213712292,1.772873038,0.213712292,13.46657863,23.81810616,0,0
225,11.00538509,21.93454833,25.05716639,31.30240253,6.321457992,0.076221858,1.637530891,21.93454833,14.90865768,23.82610685,0,0
226,0.779751459,19.67884642,3.929600619,19.67884642,29.1283939,0.779751459,10.22929894,22.82869558,13.3791481,23.82610685,0,0
227,61.2172439,17.78055706,17.78055706,8.472695599,0.716144379,0,0.716144379,0,13.3354178,23.82610685,0,0
228,25.09303445,11.04797841,23.53247267,34.45640514,1.684607717,20.4113491,6.366293064,1.684607717,15.53459353,23.88123632,0,0
229,0,9.070157704,40.42527574,21.61220492,21.61220492,0,0,23.17996082,14.48747551,23.83144065,0,0
230,29.87450366,20.52443748,12.73271567,29.87450366,3.382649489,14.29106003,3.382649489,9.616026941,15.4598183,23.82979165,0,0
231,19.57001867,17.99296021,33.76354479,11.68472638,14.8388433,3.799434096,21.14707713,13.26178484,17.00729868,23.82795943,0,0
232,15.72856959,0,31.33439003,32.89497208,12.6074055,12.6074055,4.804495275,0.122749141,13.76249839,23.83099277,0,0
233,15.72605289,32.89296804,37.57485399,15.72605289,0.119766388,0,1.680395038,0.119766388,12.97998195,23.82179096,0,0
234,25.16174791,14.24783615,23.60261766,15.8069664,1.774794137,0,32.95739917,8.011315145,15.19533457,23.83152208,0,0
235,18.88526693,0.166482374,1.726381087,78.16141802,3.2862798,6.406077226,0.166482374,0,13.59979848,23.83137958,0,0
236,1.593134057,10.96521653,15.65125776,1.593134057,29.70938147,20.337299,21.89931274,9.403202783,13.8939923,23.82669724,0,0
237,18.64167953,18.64167953,42.11042582,18.64167953,0,1.431265587,1.431265587,6.125014845,13.3778763,23.82185203,0,0
238,64.08610979,10.99601122,26.6107461,6.31159076,0.065696811,1.627170298,1.627170298,0.065696811,13.92377401,23.82665652,0,0
239,17.41005512,12.73515258,31.43476274,29.8764619,9.618550891,1.827046657,12.73515258,1.827046657,14.68302864,23.87628932,0,0
240,12.59954911,0,17.28171613,6.356659765,18.84243846,29.76749482,21.96388314,18.84243846,15.70677249,23.82651401,0,0
241,31.2607302,3.140119827,20.32493728,53.13231605,0.015607564,1.577863695,3.140119827,0,14.07396181,23.82651401,0,0
242,13.94711168,17.07630762,7.688719804,7.688719804,20.20550356,43.6744731,57.75585483,12.38251371,22.55240051,23.82494645,0,0
243,34.38702686,32.82481321,6.267181226,14.07824946,0.018326641,1.580540287,20.32710404,31.26259957,17.59323016,23.82034554,0,0
244,1.348175829,7.51391484,24.46969712,13.67965385,29.09400138,7.51391484,16.76252336,10.59678435,13.8723332,23.82081377,0,0
245,17.45719813,20.63192128,19.0445597,44.44234489,1.583582384,1.583582384,4.758305533,3.170943958,14.08405478,23.82081377,0,0
246,38.79582115,23.10244196,18.3944282,30.94913156,2.701049011,0,2.701049011,0,14.58049011,23.8211395,0,0
247,29.58371344,17.06526249,24.88929433,31.1485198,2.982005177,2.982005177,0,0,13.58135005,23.8211395,0,0
248,29.77073572,23.52813446,9.4822816,39.13463763,0,0.118379696,4.800330648,0.118379696,13.36910993,23.82574041,0,0
249,9.616693999,18.96669117,11.17502686,28.31668834,11.17502686,3.38336255,9.616693999,14.29169258,13.31773454,23.82348067,0,0
250,32.85809607,21.92801868,1.62930354,46.9110527,1.62930354,7.875062045,0.067863914,3.190743166,14.51118046,23.82403034,0,0
251,12.95878554,22.28462994,5.187248532,17.62170774,2.078633729,30.05616695,14.51309294,8.295863334,14.12451609,23.87364278,0,0
252,24.85870431,0,37.38225359,13.90059869,24.85870431,13.90059869,7.638824045,1.377049404,15.48959163,23.82366389,0,0
253,31.44313155,11.18769315,11.18769315,48.58234867,0.280918624,0.280918624,3.397139917,0,13.29498046,23.8221574,0,0
254,43.81867605,9.485644748,21.9703834,32.89452973,0.122090756,0.122090756,7.925052416,1.682683088,14.75264387,23.8221574,0,0
255,20.8137378,8.143935843,38.23471548,30.31608926,0.225309622,0.225309622,1.809034866,0,12.47101656,23.8221574,0,0
256,23.34122424,29.59908349,13.95443538,31.1635483,1.438716885,0,12.38997056,0,13.98587236,23.82083413,0,0
257,8.106742211,40.81451193,19.00933212,39.25699909,1.876690836,0.319177992,0.319177992,0.319177992,13.75272627,23.82083413,0,0
258,1.827545991,18.96876812,42.34316193,11.17730352,9.619010595,1.827545991,11.17730352,9.619010595,13.31995628,23.78940138,0,0
259,29.76682837,21.96314263,15.72019404,23.52387978,12.59871975,3.234296862,0,9.477245451,14.53553836,23.79200721,0,0
260,39.22456984,12.73271567,36.10788111,22.08278185,0.265960762,1.824305126,0.265960762,1.824305126,14.29106003,23.79058215,0,0
261,21.92881447,0,32.85878044,0,3.191729941,9.437424783,9.437424783,29.73593302,13.32376343,23.79041928,0,0
262,49.78141356,18.39479703,7.409481249,13.68680455,1.132157944,19.96412786,1.132157944,0,13.93761752,23.84005208,0,0
263,29.48686899,24.78599359,32.62078592,18.51815972,9.116408918,2.848575051,13.81728432,2.848575051,16.75533145,23.79041928,0,0
264,1.777587439,22.04570432,45.43199302,22.04570432,18.92753249,0,0.218501525,0,13.80587789,23.79041928,0,0
265,11.04145695,7.920104566,20.40551412,0,3.238075984,12.60213315,18.84483792,31.33024747,13.17279627,23.78840384,0,0
266,42.31243972,0.216111945,26.72120721,28.28033046,1.775235196,0.216111945,17.3664677,0,14.61098802,23.79300475,0,0
267,29.30860828,10.45757049,21.4540092,27.73768846,12.0284903,0,2.602971406,1.03205159,13.07767372,23.78380293,0,0
268,23.33645745,35.85295419,0,40.54664047,4.561712337,2.997150244,7.690836523,1.432588151,14.55229242,23.7932694,0,0
269,9.434573937,29.73372116,46.90992265,15.68046539,0,3.188682485,1.627209622,0.065736758,13.330039,23.7932694,0,0
270,22.08302275,12.73298548,18.96634366,23.64136229,1.82460866,17.40800411,11.17464593,1.82460866,13.70694769,23.7870195,0,0
271,18.84647531,12.60389649,7.921962371,12.60389649,20.40712002,18.84647531,23.52840943,12.60389649,15.92026649,23.79369692,0,0
272,22.28074889,39.37898414,14.50882378,28.49828898,2.073743607,2.073743607,2.073743607,0.519358585,13.9259294,23.79369692,0,0
273,27.99386242,10.77500344,42.08201977,4.513600169,10.77500344,10.77500344,10.77500344,1.382898535,14.88404933,23.84453084,0,0
274,20.52521426,18.96688513,20.52521426,42.34182211,4.941922943,29.87518906,12.7335686,8.058581207,19.7460497,23.8264733,0,0
275,36.76911263,12.09364439,15.17807792,12.09364439,9.009210859,0,2.840343798,33.6846791,15.20858914,23.8264733,0,0
276,28.30896747,42.64717398,10.78449286,18.75016314,0,0,4.411956632,0,13.11284426,23.8264733,0,0
277,13.99032929,23.37320245,24.93701465,37.44751221,0,3.043643922,12.42651709,3.043643922,14.78273294,23.82681938,0,0
278,42.05158199,27.95602085,10.72811279,20.12515355,2.897245489,0,0,0,12.96976433,23.82221848,0,0
279,23.90712241,9.93087959,37.88336523,8.377963721,16.14254307,14.5896272,11.48379546,0.613384376,15.36608513,23.83089098,0,0
280,20.48749113,25.16469753,31.40097274,9.57400952,20.48749113,0,0.219596712,1.778665513,13.63911553,23.83089098,0,0
281,22.00232341,36.04190519,9.522695152,23.56227694,15.76250928,0.162973961,1.722927493,1.722927493,13.81256736,23.82932342,0,0
282,29.34627075,13.64544203,18.35569064,37.19668511,0,2.654861921,5.795027666,0,13.37424726,23.82932342,0,0
283,0,32.58711175,18.47743746,0,18.47743746,18.47743746,13.7742127,10.63872953,14.0540458,23.82883483,0,0
284,29.48452827,27.91751778,13.81442344,29.48452827,0,2.845350056,2.845350056,0,13.29896223,23.82869232,0,0
285,28.28611958,14.25514297,4.901158567,15.81414037,14.25514297,17.37313777,22.05012997,12.69614557,16.20388972,23.87834548,0,0
286,29.77126182,48.49892533,9.482959674,20.40743006,3.240405169,0.119127916,4.801043795,4.801043795,15.14027469,23.82854981,0,0
287,25.15953741,40.75130045,6.449421768,31.39624263,1.771892856,0.212716552,3.33106916,0.212716552,13.66061217,23.82229991,0,0
288,35.59996654,18.32190879,27.74630393,23.03410636,2.614583555,1.043851032,0,1.043851032,13.6755714,23.82229991,0,0
289,29.52213779,18.55891478,23.25743893,10.7280412,10.7280412,0,15.42656535,0,13.52764241,23.82229991,0,0
290,18.88222198,20.44217925,11.08243563,0.162734742,11.08243563,7.962521091,39.16166648,0,13.59702435,23.82388783,0,0
291,12.09768746,16.72412496,39.85631247,35.22987497,1.302666624,0,0,1.302666624,13.31416664,23.81301666,0,0
292,24.40573077,30.70525321,3.932282855,48.02893991,2.357402246,0.782521637,2.357402246,2.357402246,14.36586689,23.82718583,0,0
293,14.507446,6.735395633,6.735395633,8.289805706,2.072165415,22.27949636,22.27949636,28.49713665,13.92454222,23.82641222,0,0
294,3.883640438,49.57830318,22.79177675,10.18635254,10.18635254,8.610674515,0,0,13.1546375,23.82519074,0,0
295,28.67287789,22.47051945,11.61639217,42.62818439,2.312854502,0.762264891,6.964623335,5.414033724,15.10521879,23.82979165,0,0
296,3.838082551,35.36658008,2.261657675,63.74222785,0,0,2.261657675,2.261657675,13.71648294,23.8781419,0,0
297,45.12838928,32.58630684,32.58630684,16.90870377,2.798861018,4.366621325,4.366621325,0,17.3427263,23.82655473,0,0
298,54.92088809,8.287324037,30.04965393,8.287324037,0,0,0.515063362,0,12.75753168,23.82655473,0,0
299,16.99524439,21.69362678,38.92102889,31.09039156,2.900097205,4.46622467,1.333969741,2.900097205,15.03758506,23.82655473,0,0
300,15.18161079,30.6031361,19.80806838,38.31389876,1.302238011,0,0,0,13.15111901,23.82641222,0,0
301,22.71131874,19.55667869,44.7937991,13.24739858,0.628838377,0.628838377,2.206158403,8.515438506,14.0360586,23.82924199,0,0
302,31.01871264,9.070121209,48.26403448,21.61217346,1.231338555,2.799095086,1.231338555,1.231338555,14.55726907,23.82924199,0,0
303,31.90945017,35.00447516,52.02711262,31.90945017,2.506712738,10.24427522,11.79178772,7.149250226,22.81781425,23.82924199,0,0
304,19.84587474,15.1309262,33.99072038,37.13401941,7.272678626,8.844328141,2.557730081,8.844328141,16.70257571,23.82924199,0,0
305,4.270848441,21.53348233,26.24147339,0,24.67214304,18.39482162,4.270848441,16.82549127,14.52613857,23.82924199,0,0
306,41.36926442,21.3113812,1.253497971,18.22555301,0,8.968068442,0,13.59681072,13.09057197,23.82924199,0,0
307,27.48217297,27.48217297,19.59980047,40.09396898,2.258580965,0,2.258580965,0,14.89690967,23.87276739,0,0
308,24.8991245,71.83717169,15.51151507,4.559304057,1.430100912,1.430100912,2.994702484,4.559304057,15.90266546,23.82936413,0,0
309,33.48772595,11.83256696,44.31530545,19.56655232,1.004987468,4.098581609,1.004987468,4.098581609,14.9261611,23.82936413,0,0
310,21.14119516,8.523786389,40.06730832,29.02707565,2.215082003,0,5.369434196,0,13.29298521,23.82197418,0,0
311,9.080940486,52.97290025,16.91879044,31.02692037,1.243090528,2.810660519,2.810660519,2.810660519,14.95932795,23.831176,0,0
312,36.67768092,25.86655327,35.13323411,10.4220852,0,2.69985117,1.155404363,0,13.99435113,23.831176,0,0
313,21.25596162,37.00476929,22.83084238,30.70524622,0.782511637,0,3.932273172,0.782511637,14.66176449,23.82911984,0,0
314,42.48491053,12.95013485,14.50459673,20.72244424,0.514439832,2.068901709,16.05905861,0.514439832,13.72736579,23.82911984,0,0
315,10.74628284,9.180428149,6.048718775,24.83897502,23.27312033,0,12.31213752,21.70726565,13.51336604,23.82911984,0,0
316,40.42520401,27.88314169,16.90883717,16.90883717,0,0,2.799017064,0,13.11562964,23.82451893,0,0
317,21.5335769,13.68693459,29.38021921,15.25626305,13.68693459,4.270963818,10.54827767,12.11760613,15.06009699,23.83144065,0,0
318,16.72655775,38.3159687,27.52126323,18.26865853,0,0,2.847650707,0,12.96001236,23.82223883,0,0
319,29.63151483,20.24905014,51.52393244,13.99407369,3.047864881,1.484120766,6.175353111,1.484120766,15.94875383,23.88109381,0,0
320,26.49820798,20.24273632,37.44528339,28.0620759,3.040189254,1.476321338,0,0,14.59560177,23.8313185,0,0
321,31.58269965,16.0333132,12.92343592,40.91233151,2.038865405,0,0.483926761,0,12.99682156,23.82810194,0,0
322,35.35488591,33.77817581,24.31791521,24.31791521,3.820683914,3.820683914,2.243973814,2.243973814,16.23727595,23.82350103,0,0
323,10.27703128,11.85111845,10.27703128,70.09234376,0,2.40659543,3.980682601,0.83250826,13.71466388,23.83264177,0,0
324,17.61151235,39.37450909,28.49301072,19.16601212,2.066514682,0,0.512014915,0,13.40294673,23.83264177,0,0
325,10.56325193,21.54671222,21.54671222,21.54671222,10.56325193,15.27044919,10.56325193,4.286988905,14.48591632,23.83264177,0,0
326,33.05791637,12.81961202,37.7282943,6.59244145,19.04678259,0,6.59244145,0,14.47968602,23.82179096,0,0
327,23.52641584,18.84435966,45.37601131,18.84435966,1.676820361,0.11613497,0.11613497,0.11613497,13.57704647,23.83099277,0,0
328,42.05316765,21.6934698,34.22251463,9.16442497,1.33377195,2.899902554,1.33377195,0,14.08762794,23.83099277,0,0
329,26.94063336,19.16836032,31.60399719,11.39608727,19.16836032,0.514905006,0.514905006,0.514905006,13.72776918,23.83099277,0,0
330,23.71722132,39.28513534,26.83080412,23.71722132,8.149307305,0.365350297,1.922141699,3.4789331,15.93326431,23.88076808,0,0
331,18.02421096,30.63587081,25.90649836,24.33004088,3.836093622,0.683178659,22.7535834,0,15.77118459,23.82179096,0,0
332,34.15219077,10.63511604,9.06731106,29.44877582,0,10.63511604,7.499506079,2.796091134,13.02926337,23.82639187,0,0
333,8.879881073,10.42428987,32.046013,49.03450975,2.702245892,1.157837096,8.879881073,0,14.14058222,23.82179096,0,0
334,1.859060392,1.859060392,6.607815534,11.35657068,9.773652296,28.76867287,27.18575448,20.85408096,13.53308345,23.83142029,0,0
335,12.55987026,7.875577592,20.3670247,26.61274825,10.99843937,12.55987026,12.55987026,12.55987026,14.51165887,23.83135922,0,0
336,10.5119634,10.5119634,24.39803805,58.34177607,1.254580306,0,4.340374672,0,13.66983699,23.8266158,0,0
337,34.03973055,8.91200885,4.200561032,23.0463523,32.46924794,1.05959582,2.630078426,12.05297406,14.80131862,23.83449435,0,0
338,40.18495266,32.31455169,29.16639131,3.981108217,2.407028024,0.832947831,3.981108217,0,14.10851099,23.82696189,0,0
339,39.77252174,21.24098997,28.96246154,15.06381271,0,0,1.165163883,1.165163883,13.42126422,23.82977129,0,0
340,21.17435828,30.63343529,10.13876844,27.48040962,0,0.679691437,5.40922994,13.29179411,13.60096089,23.82517039,0,0
341,31.06372039,21.66331862,12.26291685,23.23005225,13.82965048,1.295781461,0,15.39638411,14.84272802,23.87946517,0,0
342,19.69180631,39.76885473,4.247922909,22.78058299,4.247922909,16.60302963,10.42547627,10.42547627,16.023884,23.82968986,0,0
343,14.73800239,10.00122474,27.36940944,33.68511297,0.527669451,11.58015062,10.00122474,3.685521214,13.94853945,23.8264733,0,0
344,13.86036473,21.69124067,31.08829179,13.86036473,1.330963238,9.161839172,0,13.86036473,13.10667863,23.8264733,0,0
345,27.44706538,27.44706538,32.07810376,25.90338592,1.204514559,0,2.748194019,1.204514559,14.75410545,23.8264733,0,0
346,40.1592957,21.26223119,3.939922049,21.26223119,0,2.365166673,8.664188178,11.81369893,13.68334174,23.82187239,0,0
347,52.92012723,19.96421628,13.68689991,19.96421628,7.409583544,0,2.701596266,0,14.58082994,23.82795943,0,0
348,24.39960574,0,13.59954941,29.0282013,5.885223469,30.57106649,2.799493091,4.34235828,13.82818722,23.81875762,0,0
349,13.24745989,27.44333009,10.09282206,55.83507049,2.206227507,0,3.783546419,6.938184241,14.94333009,23.82335852,0,0
350,29.45747493,2.808076576,12.21374658,29.45747493,20.05180493,4.375688244,12.21374658,0,13.8222516,23.82335852,0,0
351,49.0341269,27.41224134,18.14571896,13.51245776,1.157094588,0,1.157094588,0,13.80234177,23.82633079,0,0
352,27.55522912,30.70500177,27.55522912,16.53102486,0,0.782161623,0,0,12.89108081,23.82008089,0,0
353,32.51876769,41.9347536,12.1174649,23.10278179,1.132148014,1.132148014,4.270809982,0,14.52610925,23.87708328,0,0
354,22.85453906,7.425446873,12.05417453,35.19781281,15.13999297,8.968356092,18.2258114,4.339628436,15.52572027,23.82730798,0,0
355,14.91606363,10.18917827,43.27737575,38.5504904,0,2.311036014,0.735407563,0.735407563,13.8393699,23.81810616,0,0
356,16.82268429,13.68391766,27.8083675,27.8083675,4.267617772,0,8.975767717,12.11453435,13.9351571,23.82751156,0,0
357,12.05413979,2.796680823,5.88250048,8.968320136,5.88250048,10.51122996,36.74069704,27.48323807,13.78991335,23.82751156,0,0
358,25.87050861,22.71606217,22.71606217,29.02495505,0.634937074,0.634937074,5.366606737,3.789383516,13.84418155,23.82596435,0,0
359,2.848000218,48.29006463,42.02219368,12.24980665,1.28103248,0,4.414967957,0,13.8882582,23.82596435,0,0
360,7.338403117,22.7820026,32.04816229,32.04816229,4.249683221,10.42712301,0,8.882763065,14.72203745,23.82596435,0,0
361,16.49618023,10.19400515,30.67607415,16.49618023,0.740742533,0,14.92063646,14.92063646,13.0555569,23.82136344,0,0
362,1.128930586,41.932864,5.837076749,51.34915632,2.698312641,0,7.406458803,0,13.79409989,23.82651401,0,0
363,41.39845831,30.60343747,16.72412496,12.09768746,1.302666624,5.929104126,2.844812458,0,13.86253643,23.8173122,0,0
364,11.67246819,17.9815776,27.44524173,22.71340966,13.24974554,41.64073791,38.4861832,19.55885496,24.09352735,23.87168842,0,0
365,34.12304701,20.00655708,18.4380582,24.71205372,0,10.59556379,10.59556379,30.98604924,18.6821116,23.82191311,0,0
366,15.14032815,39.82677814,32.11226252,21.31194065,1.254200029,4.340006278,2.797103154,1.254200029,14.75460237,23.82612721,0,0
367,19.60001949,14.87060887,11.71766846,0,13.29413867,10.14119826,8.564728051,27.48237052,13.20884154,23.82455965,0,0
368,7.499617456,9.06742055,15.33863293,40.42348243,43.55908862,2.796208174,4.364011268,0,15.38105768,23.82867196,0,0
369,22.78149124,11.97090001,2.704678962,52.12452457,11.97090001,1.160308787,1.160308787,10.42652984,14.28745528,23.82863125,0,0
370,3.886538468,49.57982346,19.64284364,10.18906054,8.613430019,0,3.886538468,8.613430019,13.05145808,23.82170953,0,0
371,18.1480652,25.86994584,35.13620261,19.69244132,0,5.793056169,0,1.159927783,13.22495487,23.83095206,0,0
372,25.98284203,0,16.53384314,21.25834258,11.80934369,0.785511656,2.360344804,40.15634036,14.86082103,23.829527,0,0
373,0,13.68991663,40.36757876,15.25919088,10.55136815,15.25919088,19.9670136,2.704996931,14.72490698,23.82311423,0,0
374,18.48322003,0,49.83582771,40.43004541,0,0,0,0,13.59363664,23.81376991,0,0
375,24.36008758,18.18540085,8.923370755,22.81641589,1.205012344,1.205012344,5.83602739,36.70946103,14.90509852,23.86814612,0,0
376,28.10915526,23.42062191,20.294933,20.294933,1.540799592,12.48071075,10.9178663,0,14.63237748,23.81814688,0,0
377,26.50085627,6.171305874,29.62847941,48.39421823,1.479871168,1.479871168,0,3.043682737,14.58728561,23.81649788,0,0
378,30.94921478,19.96386259,49.78124711,4.270502308,4.270502308,1.131830253,0,0,13.79589492,23.81649788,0,0
379,27.89052161,9.079353333,38.8637031,20.05253483,7.511755977,2.808963908,1.241366552,2.808963908,13.7821454,23.81649788,0,0
380,35.68787248,12.15904533,18.43339924,34.119284,12.15904533,1.178926001,0,0,14.21719655,23.81189697,0,0
381,15.05569431,27.41122968,24.32234584,33.58899737,2.700158932,0,4.244600853,2.700158932,13.75289824,23.82602542,0,0
382,87.57917901,84.47397376,89.13178163,93.7895895,93.7895895,86.02657638,87.57917901,86.02657638,88.54955565,24.06588337,0,0
383,100,100,100,100,98.41377402,98.41377402,98.41377402,100,99.40516526,24.23632054,0,0
384,100,100,100,100,100,100,100,100,100,24.2621752,0,0
385,100,98.42272838,100,98.42272838,100,100,98.42272838,100,99.40852314,24.19637815,0,0
386,70.99646145,92.36748985,80.15547362,77.10246956,86.26148174,75.57596753,77.10246956,78.62897159,79.77384811,24.23072209,0,0
387,27.88754426,19.87504918,56.73252656,23.08004721,66.34752065,42.31003541,34.29754033,51.92502951,40.30691164,24.16551542,0,0
388,39.44831114,13.05398523,42.55352595,45.65874077,41.00091855,48.76395558,64.29002965,16.15920004,38.86608336,24.12266183,0,0
389,41.82443795,51.25831288,38.67981298,32.39056303,29.24593805,49.68600039,49.68600039,48.1136879,42.6105942,24.14314198,0,0
390,33.45948672,28.81712533,30.36457912,33.45948672,35.00694052,13.34258735,33.45948672,22.62731014,28.81712533,24.15195699,0,0
391,27.52597318,25.95045086,19.64836157,11.77074996,29.1014955,24.37492853,60.61194194,24.37492853,27.91985376,24.14603282,0,0
392,25.86672181,5.788958965,39.76671147,1.155629078,44.40004136,25.86672181,28.9556084,49.03337124,27.60422052,24.1472543,0,0
393,29.13488676,11.81230352,8.662742936,29.13488676,5.513182347,40.15834882,44.8826897,44.8826897,26.77271632,24.13652563,0,0
394,19.96411982,27.81077474,40.36542261,30.94943671,21.5334508,27.81077474,45.07341556,8.978802933,27.81077474,24.1462364,0,0
395,28.98821921,19.72581302,22.81328175,21.26954738,25.90075048,22.81328175,33.6194223,42.88182849,27.25151805,24.14033258,0,0
396,5.507582525,10.2322034,24.40606602,40.15480227,48.02917039,11.80707702,33.85530777,51.17891764,28.14639088,24.14635854,0,0
397,29.38240374,19.96672424,67.04512174,12.12032465,15.25888448,18.39744432,27.81312382,40.36736316,28.79392377,24.14014935,0,0
398,10.51094719,16.682606,8.968032486,7.425117782,73.77045004,19.76843541,50.62672948,42.91215597,28.83305929,24.18968037,0,0
399,16.41433258,30.60812516,44.80191774,19.56850871,21.14559677,35.33938935,35.33938935,22.72268483,28.24249306,24.13113076,0,0
400,45.13048135,18.47957229,52.96898401,32.58887708,37.29197868,5.937968021,34.15657761,24.75037442,31.41310168,24.12355758,0,0
401,36.70027435,38.2441701,45.96364884,28.98079562,72.20987655,32.06858711,55.22702332,49.05144033,44.80572703,24.19466808,0,0
402,46.42864886,41.70176494,49.57990481,38.55050899,62.18492861,63.76055658,43.27739291,49.57990481,49.38295131,24.26091301,0,0
403,46.64287516,63.90547438,70.18278318,46.64287516,68.61345598,56.05883837,59.19749277,63.90547438,59.39365867,24.29934891,0,0
404,42.92674138,61.43698742,52.1818644,52.1818644,70.69211044,56.80942591,58.35194641,70.69211044,58.15913135,24.25395057,0,0
405,68.31521826,58.80978373,74.65217461,68.31521826,79.40489187,58.80978373,84.15760913,73.06793552,70.69157689,24.28874239,0,0
406,50.0364584,37.545573,57.84326177,42.22965502,43.7910157,32.86149097,67.21142582,40.66829435,46.52339688,24.27797301,0,0
407,38.2849293,21.31328486,61.42808081,19.77040809,36.74205253,25.94191516,44.45643637,29.02766869,34.62059698,24.26512711,0,0
408,55.86221424,16.45347696,22.75887492,62.16761221,27.4879234,3.842681027,19.60617594,32.21697187,30.04949132,24.2701759,0,0
409,34.13454498,30.99809474,38.83922034,29.42986963,43.5438957,13.74761843,45.11212082,26.29341939,32.762348,24.25895864,0,0
410,38.29303935,25.95164722,38.29303935,18.23827713,35.20769131,19.78095115,56.80512754,24.4089732,32.12234328,24.21374352,0,0
411,60.58625257,51.12695318,70.04555195,62.16280246,68.46900205,36.9380041,71.62210185,46.39730349,58.41849646,24.19261192,0,0
412,49.80861523,43.53469213,73.33582684,27.84988439,56.08253833,49.80861523,65.49342297,52.94557678,52.35739649,24.17591836,0,0
413,25.86620154,21.23283914,35.13292635,18.14393087,41.31074289,24.32174741,61.38864664,27.41065568,31.85096132,24.15505141,0,0
414,32.28172415,49.60500402,35.4314114,30.70688053,29.13203691,29.13203691,51.17984765,5.50938254,32.87229051,24.14607353,0,0
415,2.705338938,15.25948875,23.10583239,12.1209513,34.09071347,54.49120692,51.35266947,30.95217602,28.00979716,24.1492901,0,0
416,13.59691311,19.76856217,35.19768483,10.51108858,29.02603577,29.02603577,55.25554429,32.1118603,28.0617156,24.1527306,0,0
417,27.44255368,11.66919579,33.75189684,35.32923263,25.86521789,16.40120316,41.63857579,17.97853895,26.25955184,24.14291804,0,0
418,12.3131393,24.83983369,35.80069127,18.57648649,37.36652807,40.49820167,63.98575364,20.14232329,31.69036968,24.13180257,0,0
419,31.2954412,10.996367,21.92663772,23.48810497,32.85690844,17.24223599,51.59451539,25.04957221,26.80622287,24.14096367,0,0
420,16.14543497,2.169674134,37.88550739,16.14543497,33.22692044,23.90974655,51.86126822,40.99123202,27.79190234,24.09904655,0,0
421,32.27427691,3.923974215,32.27427691,43.29939462,10.22404148,11.7990583,51.1744787,22.82417601,25.97420964,24.15397244,0,0
422,33.59015924,19.69042512,67.56728707,7.33510591,7.33510591,16.60159532,58.30079766,11.96835061,27.79860336,24.09904655,0,0
423,30.67853464,8.621704747,44.85792528,30.67853464,16.49914399,5.470729049,60.61280377,7.046216898,25.55819913,24.10637543,0,0
424,26.79530557,12.77738536,17.45002543,23.68021219,28.35285226,15.89247874,53.2735993,14.33493205,24.06959886,24.0967461,0,0
425,44.83709505,38.53276306,36.95668006,24.34801607,41.68492906,38.53276306,65.32617403,21.19585008,38.92678381,24.12655021,0,0
426,34.97966957,22.59484472,45.81639131,21.04674162,19.49863851,4.017607456,67.48983478,16.4024323,28.98077003,24.07646953,0,0
427,11.84800137,19.71871554,29.16357253,29.16357253,30.73771536,18.1445727,59.07228635,24.44114403,27.78619755,24.07286617,0,0
428,15.03319477,21.21259879,21.21259879,11.94349276,33.57140682,32.02655582,45.93021485,44.38536385,28.16442831,24.07359905,0,0
429,22.8301968,18.10551497,25.97998469,21.25530286,25.97998469,19.68040891,62.20254537,19.68040891,26.9642934,24.08654674,0,0
430,29.39288475,4.288132662,46.65240181,15.2714617,8.995273679,10.56432068,46.65240181,23.11669673,23.11669673,24.0926745,0,0
431,24.36407786,27.45125836,36.71279985,47.51793158,12.01535588,4.297404644,59.86665356,7.38458514,27.45125836,24.08449058,0,0
432,32.08403334,57.3550907,41.56067985,27.34571009,16.28962249,13.13074032,71.57006047,13.13074032,34.0583347,24.10326066,0,0
433,31.10201402,12.3116542,53.02410047,9.179927566,49.89237383,18.57510747,43.62892056,24.83856074,30.31908236,24.05786232,0,0
434,15.18214656,30.60357446,30.60357446,35.23000282,5.929289817,13.64000377,50.65143072,13.64000377,24.4350033,24.05326141,0,0
435,27.45172297,46.37736046,14.83463131,13.25749486,17.98890423,16.41176777,55.8401792,29.02885943,27.64886503,24.05786232,0,0
436,15.33829313,43.55886209,13.77048374,18.4739119,7.499246197,7.499246197,78.05066859,15.33829313,24.94112562,24.06246323,0,0
437,33.58883982,25.86661189,27.41105748,27.41105748,10.42215604,4.244373696,62.93330595,18.14438397,26.25272329,24.0627686,0,0
438,8.666701134,30.71266983,16.54026138,13.39083728,13.39083728,38.58623007,71.65518311,11.81612523,25.59485566,24.05816769,0,0
439,5.83753072,35.65564599,24.67002458,27.80877355,0,24.67002458,70.18188473,12.11502867,25.1173641,24.0627686,0,0
440,28.97233869,27.4282591,19.70786113,25.8841795,21.25194072,15.07562235,47.50129382,13.53154275,24.91912976,24.05283389,0,0
441,27.55863165,5.511258674,40.15713049,40.15713049,19.68456987,13.38532045,51.18081698,10.23569574,25.98381929,24.07174648,0,0
442,52.92012723,21.53354538,63.90543087,23.10287447,27.81086175,18.39488719,41.93482358,21.53354538,33.89201198,24.17502261,0,0
443,45.15386364,32.96583334,60.38890152,20.77780304,39.05984849,25.34831441,52.77138258,25.34831441,37.72678268,24.21901624,0,0
444,43.94024694,23.11805295,29.52488187,19.91463849,35.93171079,23.11805295,32.72829633,63.1607337,33.92957675,24.07264223,0,0
445,23.71070722,11.25531247,45.50764801,26.8245559,15.9260855,11.25531247,50.17842104,11.25531247,24.48916939,24.07180755,0,0
446,22.50901574,14.75991731,24.05883542,36.4573929,24.05883542,16.30973699,67.45378661,14.75991731,27.54592971,24.0662091,0,0
447,25.8718929,17.98592406,32.18066798,6.945567687,40.06663682,14.83153653,87.38244986,5.368373919,28.82913122,24.07072858,0,0
448,16.91233026,4.3707952,15.34463837,13.77694649,37.29232472,23.18309778,52.96924354,31.02155719,24.35886669,24.06865206,0,0
449,28.93577178,18.12165009,47.4742661,32.02552083,19.66652462,8.852402935,76.8268821,15.03190104,30.86686494,24.06738986,0,0
450,22.83502675,13.38625452,29.13420824,24.40982213,25.9846175,32.28379899,57.48052495,41.73257122,30.90585304,24.0617507,0,0
451,40.36571011,13.687212,43.50435694,16.82585883,30.9497696,19.96450567,52.92029745,23.10315251,30.16510789,24.06940531,0,0
452,25.98182153,56.82272923,18.27159461,32.15000307,10.56136768,7.477276913,72.24318307,16.72954922,30.02969067,24.06421402,0,0
453,19.56401907,25.87272345,38.49013223,24.29554736,6.946610293,32.18142784,49.5303649,3.792258099,25.08413541,24.06390865,0,0
454,26.3181267,18.47962954,21.6150284,18.47962954,20.04732897,13.77653124,60.8075142,9.073432948,23.57465269,24.06765452,0,0
455,28.28375109,28.28375109,11.13421331,15.81135997,37.63804442,23.60660442,73.49616888,6.457066637,28.08886998,24.11588262,0,0
456,23.86951008,23.86951008,31.63792742,16.10109274,28.53056048,30.08424395,48.72844556,17.65477621,27.55950832,24.06924244,0,0
457,43.30605809,2.360433374,30.70740433,30.70740433,2.360433374,2.360433374,60.62920701,0,21.55392174,24.05841199,0,0
458,48.52334247,20.44516564,22.00506435,28.24465921,14.20557079,12.64567208,59.44263346,20.44516564,28.24465921,24.06952745,0,0
459,27.05602435,9.984030049,34.81602176,39.47202021,11.53602953,13.08802901,42.57601917,25.50402487,25.50402487,24.06987354,0,0
460,21.17978998,5.41574798,21.17978998,47.97866139,6.992152181,19.60338578,60.58989499,10.14496058,24.13554786,24.07467803,0,0
461,38.22994294,39.77419437,33.59718866,21.24317725,10.43341726,11.97766869,56.76096006,16.61042297,28.57837153,24.07467803,0,0
462,38.54652433,51.15236549,33.81933389,10.18338171,8.607651564,11.75911185,66.90966695,7.031921419,28.50124465,24.07427087,0,0
463,32.55288933,46.66972644,30.98435187,27.84727695,20.00458967,27.84727695,20.00458967,18.43605221,28.04334414,24.08343197,0,0
464,25.93954573,36.74002865,22.85369347,15.13906282,19.76784121,25.93954573,59.88392061,13.59613669,27.48247186,24.09823223,0,0
465,49.52752718,25.86855555,46.37299763,30.60034988,29.0230851,25.86855555,51.10479196,25.86855555,35.5293023,24.09798794,0,0
466,68.66073323,24.78575976,26.3527231,49.85717317,20.08486974,46.7232465,31.05361311,48.29020983,39.47604106,24.14603282,0,0
467,44.40180543,27.41346821,44.40180543,33.59104538,24.32467962,7.33634239,21.23589103,28.9578625,28.9578625,24.09069977,0,0
468,18.06855983,43.27823373,33.82460601,14.91735059,22.79537368,7.039327495,49.5806522,18.06855983,25.94658292,24.09906691,0,0
469,39.76883092,33.59127512,35.13566407,21.23616351,13.51421876,18.14738561,39.76883092,8.881051904,26.2554276,24.10020696,0,0
470,55.85711063,24.32647536,63.73976944,24.32647536,0.678498912,14.86728478,32.20913418,6.984625965,27.87367183,24.09558569,0,0
471,34.18785659,38.88872398,42.02263557,27.92003341,20.08525443,1.281784883,35.75481238,16.95134284,27.13655551,24.09914834,0,0
472,19.66577005,18.12088102,45.92888369,28.93510428,4.21687968,38.2044385,44.38399465,15.03110294,26.81088185,24.09965729,0,0
473,21.25762831,27.55701804,19.68278088,27.55701804,24.40732318,19.68278088,59.05396672,24.40732318,27.9507299,24.1213182,0,0
474,19.12751277,47.12183527,11.35131208,30.01419374,19.12751277,14.46179235,50.23231555,20.68275291,26.51490343,24.10148951,0,0
475,2.949396638,0,7.645393575,15.47205514,27.99471363,63.99735682,56.17069526,27.99471363,25.27804059,24.09652216,0,0
476,21.62845881,13.79130469,7.521581391,54.54450611,43.57249034,9.089012215,29.46561293,38.87019787,27.31039554,24.10146916,0,0
477,13.68689991,49.78146904,40.36549449,34.08817812,10.54824173,19.96421628,8.978912636,35.65750721,26.63386493,24.15419637,0,0
478,13.8166361,35.75421964,18.51754686,42.02210065,24.78542787,23.21845762,34.18724939,38.88816014,28.89872478,24.10181524,0,0
479,41.291053,10.39160722,21.20641324,39.74608071,19.66144095,18.11646866,75.28044337,11.93657951,29.70376083,24.09870047,0,0
480,29.73155831,9.43178627,39.10068387,21.92395368,17.2393909,12.55482812,68.76958147,10.9933072,26.21813623,24.09680717,0,0
481,40.7966955,18.98495174,31.44880532,9.637061558,23.65889683,0.289171374,57.93449417,14.31100665,24.63263539,24.10802443,0,0
482,13.37822261,21.25292964,35.42740231,19.67798824,14.95316401,29.12763668,51.17681638,22.82787105,25.97775387,24.11286964,0,0
483,15.25628859,49.78150435,27.8109125,24.67225652,12.11763261,2.701664673,60.76680027,4.270992662,24.67225652,24.11109849,0,0
484,5.934061813,21.35470742,33.6912239,29.06503022,10.56025549,13.64438462,50.65393407,5.934061813,21.35470742,24.11187209,0,0
485,12.72267967,20.65698152,25.41756263,33.35186448,20.65698152,4.788377824,63.5022115,4.788377824,23.23562962,24.116473,0,0
486,53.44654009,39.48050212,25.51446415,36.37693813,11.54842618,17.75555416,62.75723207,2.237734194,31.13967389,24.12133856,0,0
487,31.80936776,20.96085808,34.90894195,42.65787743,5.462987117,5.462987117,56.6059613,10.11234841,25.99766615,24.11702267,0,0
488,16.4154715,33.76320383,22.7237378,46.37973644,16.4154715,6.95307205,66.88160192,0.644805748,26.2721376,24.12622448,0,0
489,40.41398208,41.98203518,9.052920011,26.30150415,5.916813804,27.86955725,56.09451311,13.75707932,27.67355061,24.17599979,0,0
490,33.15829886,45.59396419,34.71275702,17.6137172,6.732510033,9.841426365,59.58408768,3.6235937,26.35754438,24.12671307,0,0
491,48.62956379,14.38260631,28.39272528,25.27936551,17.49596608,20.60932585,31.50608505,17.49596608,25.47395049,24.12178644,0,0
492,21.14683041,51.11103485,21.14683041,25.87802058,10.10738666,11.68445005,58.99635181,13.26151345,26.66655228,24.1311104,0,0
493,42.8983245,13.57584248,25.9221507,36.72517039,15.11913101,12.03255396,59.8744983,2.772822793,26.11506177,24.13021465,0,0
494,29.05859021,29.05859021,29.05859021,27.48211444,27.48211444,10.14088094,68.47048454,6.987929392,28.4674118,24.11142422,0,0
495,39.37614961,12.95036868,30.0494034,23.83157259,11.39591098,19.16819949,67.35638825,6.732537869,26.35756636,24.11223854,0,0
496,12.78965173,3.445685844,31.4775835,5.003013491,28.36292821,26.80560056,59.50948116,29.92025585,24.66427504,24.10635508,0,0
497,29.058762,18.02345831,25.90581808,30.63523395,21.17640222,35.36464982,60.58820111,11.71757048,29.058762,24.11018238,0,0
498,7.522008132,18.49397327,38.87047995,16.92654968,29.46593841,21.62882045,56.11213945,40.43790354,28.68222661,24.10912376,0,0
499,44.40347598,16.60521398,8.883474529,52.12521543,8.883474529,4.250430861,49.03651965,28.95999709,26.64347526,24.1034846,0,0
500,26.13781459,32.42395803,30.85242217,33.99549389,11.99399185,5.707848416,59.14006765,11.99399185,26.53069856,24.17599979,0,0
501,26.03706733,15.0213114,13.44763198,43.34754093,0,37.05282326,60.65801454,13.44763198,26.12650268,24.12575625,0,0
502,50.65135279,36.77204577,55.27778847,32.14561009,7.47128649,10.55557694,21.35059352,0,26.77803176,24.12416832,0,0
503,3.802890622,29.03491931,38.49693007,32.1889229,10.11089779,35.34292648,36.91992828,27.45791752,26.66941662,24.11956742,0,0
504,16.95877124,16.95877124,70.2305029,2.857430507,4.424246144,13.82513997,51.42871525,7.557877418,23.03018183,24.12410725,0,0
505,28.3229648,23.64837555,47.02132181,32.99755406,15.85739346,3.391822126,62.60328598,9.624607796,27.9334157,24.12382224,0,0
506,46.86536138,20.29804206,15.6096916,6.232990665,37.48866044,10.92134113,49.99092835,20.29804206,25.96313221,24.12076854,0,0
507,42.63762827,20.93294707,16.28194396,25.58395018,25.58395018,16.28194396,70.54364695,28.68461893,30.81632869,24.11299178,0,0
508,37.23752104,32.53033511,24.68502524,27.82314919,8.994405503,4.287219581,71.75688447,4.287219581,26.45021996,24.12433119,0,0
509,20.02742978,43.54877396,29.43596745,27.86787784,2.778444042,10.6188921,54.52540125,18.45934016,25.90776582,24.13391981,0,0
510,18.43892606,26.28133702,46.6716055,12.1649973,12.1649973,5.891068535,62.35642741,5.891068535,23.73255346,24.12885066,0,0
511,28.53017672,19.20802586,28.53017672,12.99325862,31.63756034,20.76171767,48.72817026,28.53017672,27.36490786,24.18630094,0,0
512,43.67784005,15.51676007,23.33928229,43.67784005,10.82324674,1.436220085,67.1454067,7.694237858,26.66385423,24.13615919,0,0
513,12.1304382,26.25233206,54.49611978,4.284941607,32.52872933,5.854040925,65.47981501,19.97593479,27.62529396,24.14354914,0,0
514,22.82846207,10.481016,24.37189283,5.850723723,39.80620041,15.11130828,58.32736952,30.54561586,25.91532359,24.14354914,0,0
515,29.05635697,24.32678077,5.408475966,18.02067917,41.66856018,24.32678077,68.46949199,14.86762837,28.26809427,24.14505563,0,0
516,2.117600874,42.51351162,58.05040037,23.86924512,2.117600874,20.76186737,50.281956,0,24.96402278,24.14505563,0,0
517,43.89962531,20.52446919,26.75784415,39.22459409,1.824344291,11.17440674,43.89962531,20.52446919,25.97867228,24.13636277,0,0
518,14.95637854,30.70519733,52.75354364,29.13031545,18.1061423,25.9805517,29.13031545,25.9805517,28.34287451,24.14045472,0,0
519,15.26029727,29.38358106,24.67581979,10.552536,23.10656604,27.8143273,43.50686484,29.38358106,25.46044667,24.14043437,0,0
520,4.351859568,13.60813122,56.80406561,41.37694619,8.979995395,2.809147625,70.68847309,2.809147625,25.17847079,24.1463789,0,0
521,29.66624514,39.04407912,24.97732815,24.97732815,9.347604846,20.28841116,32.7921898,31.22921747,26.54030048,24.14177799,0,0
522,38.95474903,7.649492119,29.56317195,18.60633204,23.30212057,29.56317195,71.82526878,7.649492119,28.38922482,24.14572745,0,0
523,22.71362811,17.98180943,29.02271969,13.24999074,33.75453838,36.90908417,49.52726734,6.940899156,26.26249213,24.20232268,0,0
524,23.94563443,14.63285497,36.3626737,51.8839728,19.2892447,6.872205421,65.85314199,9.97646524,28.60202416,24.15089838,0,0
525,21.26622256,19.69154701,27.56492475,54.33440908,3.944791523,5.519467071,46.46103134,2.370115974,22.64406366,24.15356528,0,0
526,26.92090182,17.59165525,48.68914383,31.58552511,9.817283099,2.042910952,40.91477169,8.262408669,23.22807505,24.14556458,0,0
527,31.12502636,32.69036667,45.21308915,15.47162326,4.51424109,2.94890078,53.0397907,9.21026202,24.2766625,24.14432274,0,0
528,24.74559496,5.931993698,37.2879958,20.04219464,10.63539401,21.60999475,45.12699632,31.01679538,24.54961994,24.14336592,0,0
529,33.57760627,19.67524479,8.862296974,56.74820873,10.4070038,7.317590143,70.65057021,16.58583113,27.97804401,24.14291804,0,0
530,46.46069141,16.54166603,16.54166603,40.16194923,5.518867202,7.093552749,65.35691797,7.093552749,25.59610792,24.13831713,0,0
531,32.49899835,23.08025393,24.65004467,23.08025393,8.952137307,10.52192804,63.89481307,19.94067246,25.82738772,24.15067444,0,0
532,33.68734299,5.928556335,16.72364003,22.89225929,13.63933041,22.89225929,42.94027188,30.60303336,23.6633367,24.15556036,0,0
533,38.49881706,51.11444433,13.26756252,16.42146934,5.382795474,6.959748882,65.30702501,3.805842065,25.09471309,24.15488855,0,0
534,21.58852367,13.74737604,15.31560556,35.70258941,30.99790083,7.474457932,78.04478663,4.337998879,25.90115487,24.20372739,0,0
535,27.45383125,18.19261822,39.80211529,16.64908271,21.27968923,24.36676024,44.43272181,39.80211529,28.99736676,24.14654177,0,0
536,24.37232814,24.37232814,29.09905763,30.67463413,19.64559865,7.040986669,54.30828158,22.79675164,26.53874582,24.15527535,0,0
537,16.87021856,32.55508299,27.84962366,43.53448808,10.59627279,7.45929991,52.94540673,20.00719145,26.47719802,24.16012055,0,0
538,15.053041,32.0424328,19.6865115,32.0424328,13.50855084,5.786100023,47.48733444,19.6865115,23.16161436,24.16472146,0,0
539,16.48882884,11.76178142,40.12406596,2.307686567,38.54838349,21.21587626,41.69974844,30.66997111,25.35204276,24.16254315,0,0
540,26.27890971,12.16210519,24.71037587,18.43624053,37.25864656,12.16210519,68.62932328,20.00477437,27.45531009,24.15865478,0,0
541,36.74926,7.437941459,32.12115707,24.40765219,22.86495122,8.980642435,42.9200639,22.86495122,24.79332744,24.15354492,0,0
542,21.85518247,17.16649342,34.35835328,18.72938977,28.10676788,6.226218969,42.17283503,40.60993868,26.15314744,24.16018163,0,0
543,30.37179336,9.79982321,30.37179336,33.53671184,0.305067759,5.052445484,71.51573365,1.887527001,22.85511196,24.16394786,0,0
544,10.4650964,4.290275467,27.44585398,12.00880164,13.55250687,45.9703168,72.21330578,21.27103305,25.90214875,24.16586151,0,0
545,35.39925304,13.34046139,24.36985721,21.21860126,19.64297329,33.82362506,63.76055658,0,26.44441598,24.21103591,0,0
546,43.51540252,24.68720336,41.94638592,13.70408719,8.997037395,8.997037395,51.3604855,15.27310378,26.06009288,24.21563682,0,0
547,39.43649178,40.98940224,40.98940224,33.22484991,23.9073871,30.11902897,56.51850692,11.48410336,34.58364657,24.16681833,0,0
548,27.93347601,24.80014888,31.06680314,20.10015818,16.96683105,38.90012096,53.00009305,37.3334574,31.26263608,24.16482325,0,0
549,38.85567934,26.31325458,32.58446696,32.58446696,7.499617456,0,63.94052884,2.796208174,25.57177779,24.16932237,0,0
550,30.54231572,38.2598362,21.28129115,30.54231572,8.933258389,5.846250199,70.67342219,0,25.7598362,24.1701774,0,0
551,24.36753867,16.48915728,49.57835911,13.33780472,3.883747058,5.459423336,57.4567405,36.97294889,25.94321495,24.17485974,0,0
552,17.62598512,39.38515886,39.38515886,23.8428919,14.51753173,0,67.36123939,2.08371816,25.5252105,24.17457473,0,0
553,27.96814343,29.53405335,24.83632358,34.23178313,2.913584622,4.479494547,54.58861216,6.045404473,23.07467491,24.16818232,0,0
554,57.66436337,9.056780581,35.71255179,26.30463254,10.62476712,7.488794039,62.368323,2.784834414,26.50063086,24.18196469,0,0
555,28.96510133,24.33239055,19.69967977,30.50933826,10.4342582,4.257310492,67.57102452,4.257310492,23.7533017,24.18165932,0,0
556,15.9793588,8.052883213,82.56175371,19.14994903,11.22347345,6.467588096,58.78232696,12.80876856,26.87826273,24.18143538,0,0
557,28.02809979,26.49678276,41.80995302,11.18361251,12.71492953,11.18361251,35.68468492,28.02809979,24.39122185,24.22622298,0,0
558,28.90338252,14.68405902,43.12270601,36.80300668,11.52420935,16.26398385,47.86248051,25.74353285,28.1134201,24.18455015,0,0
559,35.72750892,2.807452509,23.18653505,34.15988718,32.59226545,20.05129158,56.10659146,12.21318291,27.10558938,24.15460353,0,0
560,18.40200905,5.848471978,13.69443265,15.26362478,13.69443265,45.07827532,48.21665959,12.12524051,21.54039332,24.14729501,0,0
561,23.21636313,27.91740212,16.94831114,51.42259708,18.51532413,12.24727214,46.72155809,15.38129814,26.54626575,24.15509213,0,0
562,16.57527436,27.38959065,39.74880926,24.299786,18.12017669,8.850762732,73.73666045,11.94056739,27.58270344,24.1347952,0,0
563,26.40660712,1.353537198,18.57752277,54.59131077,32.6698746,7.616804677,67.11784573,10.74843842,27.38524266,24.13939611,0,0
564,13.04152521,5.277375671,51.86227288,23.91133456,0.61888595,9.935865392,58.07359251,25.46416446,23.52312708,24.14369165,0,0
565,49.58070813,11.76623922,11.76623922,14.91744496,29.0978708,7.039430609,62.1855311,21.21985645,25.94666506,24.14772253,0,0
566,19.96596061,15.25807594,51.35185841,37.2282044,8.980896383,12.11948616,52.9211533,35.65890951,29.18556809,24.14747823,0,0
567,27.89374804,9.083421441,13.78600309,46.70407464,15.35353031,21.62363917,52.9741835,7.515894224,24.3668118,24.14747823,0,0
568,26.96222116,9.868272916,30.07021175,72.0280847,9.868272916,19.19224468,59.59612234,12.97626351,30.07021175,24.18740027,0,0
569,29.52473738,6.032983175,53.01649159,7.599100122,21.69415265,12.29745096,45.18590685,56.14872548,28.93744353,24.1513259,0,0
570,23.19308504,37.30047758,20.05810891,16.92313279,26.32806116,21.62559697,49.84038206,21.62559697,27.11180519,24.1513259,0,0
571,33.59233845,21.23742467,15.05996779,41.31415956,18.14869623,18.14869623,55.21343756,10.42687512,26.64269945,24.16030377,0,0
572,18.807963,17.24657767,29.73766028,28.17627496,57.84259617,14.12380701,53.15844019,7.878265706,28.37144812,24.15560108,0,0
573,35.47254094,11.86493397,27.60333862,40.19406234,22.88181722,26.02949815,71.67087163,21.30797676,32.12812995,24.16254315,0,0
574,14.59874303,20.80974354,30.1262443,17.70424329,34.78449468,23.91524379,68.94499747,16.15149316,28.37940041,24.16026306,0,0
575,22.80229412,51.16063505,30.67961104,33.83053781,30.67961104,16.50044058,35.4060012,0.745806721,27.7256172,24.18799065,0,0
576,28.97167188,44.41261277,36.69214233,28.97167188,19.70710734,13.53073098,52.13308322,21.25120143,30.70877773,24.18860139,0,0
577,32.95555274,34.51472593,36.07389912,28.27803316,23.60051358,20.4821672,67.25736296,20.4821672,32.95555274,24.19346696,0,0
578,14.86108255,11.70778931,30.62754874,60.58383451,11.70778931,14.86108255,76.35030071,6.977849452,28.45965964,24.19334481,0,0
579,26.73098942,23.61315918,42.3201406,15.81858359,9.58292311,15.81858359,78.17518834,1.788347516,26.73098942,24.24631632,0,0
580,34.09037588,21.53616176,30.95182235,21.53616176,7.412670878,10.55122441,60.76808088,12.12050117,24.87087489,24.2412879,0,0
581,24.74944575,10.63996683,57.67156324,37.2912048,16.91084635,26.31716563,34.15576504,23.18172587,28.86471044,24.19590992,0,0
582,27.39339546,11.94518173,27.39339546,15.03482448,13.4900031,45.93125194,62.92428704,11.94518173,27.00719012,24.19590992,0,0
583,40.57520797,21.80948417,18.68186353,28.06472543,13.99043258,12.42662227,67.15998335,13.99043258,27.08734399,24.19352803,0,0
584,41.56184947,8.394250525,35.24421158,30.50598316,19.45011684,8.394250525,54.19712526,24.18834526,27.74201658,24.19352803,0,0
585,22.77461397,27.40813713,33.58616801,7.32953676,27.40813713,22.77461397,70.65435331,2.696013598,26.82894673,24.20215982,0,0
586,28.57674495,20.81334766,16.15530928,16.15530928,27.02406549,3.733873623,51.86693681,17.70798874,22.75419698,24.20144729,0,0
587,27.57893795,10.26085789,38.59953435,21.28145429,35.45079252,18.13271247,73.23569446,18.13271247,30.33408705,24.20167123,0,0
588,16.50881687,19.65942755,24.38534358,41.71370234,13.35820619,10.2075955,60.61736645,13.35820619,24.97608308,24.20154908,0,0
589,21.93220808,15.68678472,32.86169895,11.00271721,21.93220808,15.68678472,48.47525733,32.86169895,25.05491976,24.19998151,0,0
590,23.18623449,37.2948853,9.077583684,43.56539677,16.91572302,12.21283942,60.80930331,4.374700081,25.92958326,24.19538061,0,0
591,13.5111156,45.94444725,22.77778179,36.67778106,11.96667124,22.77778179,56.7555578,4.244449415,26.83194824,24.2532584,0,0
592,19.68175277,29.13095833,11.80741481,33.85556111,38.58016389,18.10688518,49.60423703,14.95714999,26.96551539,24.20285199,0,0
593,0.713256111,30.1890082,28.63765283,30.1890082,20.88087596,23.98358671,50.35662806,31.74036358,27.08629746,24.2061907,0,0
594,43.50204744,7.406133297,62.33469829,19.96123387,12.11429601,7.406133297,34.08572201,24.66939658,26.4349576,24.20608891,0,0
595,29.45386531,41.99540037,34.15694096,20.04771402,12.20925461,0,49.83385978,20.04771402,25.96809363,24.19963543,0,0
596,30.98167054,43.53045771,38.82466252,24.70727695,4.315497792,32.55026894,27.84447375,20.00148176,27.84447375,24.20419562,0,0
597,39.83177483,42.91732484,58.34507488,8.976274737,4.347949724,13.60459975,30.5751248,5.890724728,25.56110604,24.21187059,0,0
598,35.33201364,2.209386486,11.67299425,30.60020976,11.67299425,32.17747772,46.37288936,36.9092816,25.86840588,24.20997729,0,0
599,28.56404538,40.98768966,40.98768966,39.43473412,13.03449002,11.48153449,17.69335663,25.45813431,27.20520928,24.20930548,0,0
600,5.999771391,34.19983997,35.76651045,34.19983997,10.69978282,18.53313521,59.2665676,9.133112345,25.97481997,24.20930548,0,0
601,37.32484802,23.22293882,20.08918123,31.05733282,21.65606003,21.65606003,15.38854483,40.45860562,26.35669643,24.20356452,0,0
602,18.39782951,40.36764464,46.64473468,10.55146697,2.705104419,26.24419206,60.76818727,8.982194457,26.83266925,24.2630506,0,0
603,12.02081411,32.08624247,33.62973696,35.17323145,19.73828656,8.933825131,55.23865981,21.28178105,27.26282219,24.21616612,0,0
604,23.3418306,53.0664269,26.47073548,20.21292573,10.82621111,17.08402086,60.88868908,3.003948928,26.86184859,24.21339744,0,0
605,59.1149671,19.80243547,43.38995445,21.37493674,0.932420286,2.504921552,32.38244559,32.38244559,26.48556585,24.2143339,0,0
606,10.06573116,20.91986705,31.77400295,27.12223042,20.91986705,41.077548,30.22341211,33.32459379,26.92840657,24.2143339,0,0
607,19.15776569,8.06177275,11.23205645,47.69031898,19.15776569,28.66861679,65.12687932,12.8171983,26.48904675,24.21512787,0,0
608,45.42930312,45.42930312,34.51516374,39.19265205,26.7193499,20.48269883,50.10679142,17.3643733,34.90495444,24.21299028,0,0
609,17.61626614,26.94272658,16.06185607,2.072165415,67.35738847,19.17067622,68.91179854,22.27949636,30.05154672,24.20838937,0,0
610,43.59828503,18.53085615,32.63128489,27.93114198,32.63128489,0,13.83071324,42.03157072,26.39814211,24.21309207,0,0
611,29.48645177,16.95070986,0,18.5176776,21.65161308,35.75432272,40.45522594,42.02219368,25.60477433,24.22428897,0,0
612,38.61862643,1.789802285,40.15316077,24.80781737,10.99700832,6.393405303,60.10210718,18.66968002,25.19145096,24.2227214,0,0
613,42.6149466,18.70450768,53.77315143,18.70450768,4.35824433,4.35824433,66.52538552,1.170185807,26.27614667,24.21783548,0,0
614,27.44905083,18.18722754,42.885423,21.27450197,12.01267867,4.294492589,64.49634402,13.55631589,25.51950431,24.28033454,0,0
615,34.16108938,2.809227179,16.91756517,35.72868249,10.64719273,29.45831005,76.48610335,5.944413399,26.51907297,24.23055923,0,0
616,15.26684992,4.282923059,27.81990919,19.97424715,21.54337956,38.80383605,45.08036569,27.81990919,25.07392748,24.24377157,0,0
617,1.246062759,51.40679279,37.29908747,7.516154012,12.21872245,9.083676826,73.35211217,13.78624527,25.73860672,24.24373086,0,0
618,27.42021165,35.14146573,28.96446246,27.42021165,11.97770349,10.43345267,58.30522797,24.33171002,27.99930571,24.24358835,0,0
619,21.57004866,38.82463796,38.82463796,21.57004866,5.884058396,5.884058396,67.05942044,10.58985548,26.27584574,24.24352728,0,0
620,49.58253838,14.92053351,29.10044459,25.94935324,2.316168104,8.618350807,77.94236054,5.467259455,26.73712608,24.24812818,0,0
621,42.85946131,24.3273947,7.339666984,33.59342801,1.16231145,0,78.37925563,0,23.45768976,24.25252551,0,0
622,10.20867278,40.13911518,38.56382874,40.13911518,11.78395922,5.482813448,73.22013048,11.78395922,28.91519928,24.22007486,0,0
623,34.09055461,32.5212821,19.96710202,7.412921947,13.69001198,18.39782951,70.18382232,18.39782951,26.83266925,24.21702116,0,0
624,24.43891857,15.18654125,21.3547928,46.02779898,18.27066702,10.56035259,47.56986186,46.02779898,28.67959151,24.21696009,0,0
625,28.00887832,10.79361009,62.43941478,20.1837564,12.35863448,9.228585709,73.39458547,1.403463787,27.22636613,24.26158482,0,0
626,24.94146185,12.43170549,40.57865729,31.19634003,21.81402276,17.12286412,54.6521332,31.19634003,29.2416906,24.22129634,0,0
627,9.043910739,13.74853605,38.83987101,29.4306204,23.15778666,15.31674448,62.36299755,16.88495292,26.09817748,24.21504643,0,0
628,21.57496936,16.86946752,29.41747242,48.23947978,2.752962007,1.184461394,82.74649326,10.59546507,26.67259635,24.21944376,0,0
629,27.91968643,26.3527231,34.18753979,27.91968643,1.281309682,12.25005305,56.12502653,13.81701639,24.98163018,24.22357644,0,0
630,26.9203564,25.36547036,23.81058433,44.02410277,3.597065888,6.706837956,70.45716535,3.597065888,25.55983112,24.22357644,0,0
631,32.72745405,15.51819811,38.9853653,20.21163154,9.260286855,6.131331229,74.96835499,13.95372029,26.4695428,24.21400818,0,0
632,10.54841243,13.68706462,2.701781941,13.68706462,34.0883039,37.22695609,60.76684756,34.0883039,25.84934188,24.23106818,0,0
633,12.0602184,5.889005654,64.51552672,29.03105344,12.0602184,5.889005654,73.77234584,0,25.40217176,24.22630441,0,0
634,45.3984374,11.07745519,14.19754448,4.83727661,0.157142673,50.07857134,62.5589285,20.43772307,26.09288491,24.23078317,0,0
635,16.40419898,30.59971236,13.24964046,51.1043428,10.09508193,5.363244134,66.87713545,14.82691972,26.06503448,24.22606011,0,0
636,29.87665772,4.943913793,15.85198926,17.41028575,23.64347173,43.90132617,64.15918061,22.08517524,27.73400003,24.27892984,0,0
637,8.988007908,49.78648712,21.54138613,37.2331089,7.418835631,0,71.75489901,8.988007908,25.71384158,24.2290731,0,0
638,26.31363905,16.90686957,37.28820345,29.44922888,4.364510261,7.500100088,60.80512716,9.067895002,23.96194668,24.23744023,0,0
639,11.98003487,33.59897368,30.51055385,35.14318359,4.2589853,2.714775386,67.5715918,7.347405129,24.14068795,24.23068138,0,0
640,40.57492249,18.68147288,23.37292637,31.19201551,0,0,81.23418605,0,24.38194041,24.24951253,0,0
641,9.918516272,35.20454679,35.20454679,27.30266225,2.016631735,2.016631735,68.39246185,2.016631735,22.75907864,24.24951253,0,0
642,18.58574905,26.26633876,43.16363613,15.51351317,10.90515934,10.90515934,64.66928732,13.97739523,25.49827979,24.33780517,0,0
643,74.93276969,46.73213559,62.39915453,60.83245264,65.53255832,56.13234695,65.53255832,70.232664,62.79083001,24.88390851,0,0
644,100,100,100,100,100,100,100,100,100,26.15776961,0,0
645,65.51107965,52.96965406,62.37572325,68.64643604,56.10501046,59.24036686,68.64643604,67.07875785,62.57168303,26.04557667,0,0
646,33.17505207,39.3913263,12.97216084,31.62098352,0.539612387,6.755886613,79.79710877,11.41809228,26.95877785,26.04541381,0,0
647,40.51520892,1.380477948,32.68826273,51.47293359,2.945867187,4.511256426,78.08455066,10.77281338,27.79642136,26.09991218,0,0
648,35.68955752,26.27827325,37.2581049,24.70972588,10.59279948,5.887157346,56.08067343,34.12101014,28.82716274,26.10133724,0,0
649,32.57556379,24.73551307,18.46347249,52.95969567,5.919391333,7.487401478,79.61586812,12.19143191,29.24354223,26.04871181,0,0
650,8.922839875,22.815966,25.90332736,19.72860464,13.55388191,39.79645348,59.86430232,18.18492396,26.09628744,26.04871181,0,0
651,46.80167142,12.37922352,38.97838781,24.8964773,2.991283185,7.685253353,53.06029832,32.71976092,27.43904448,26.0231218,0,0
652,39.97436413,8.381924191,22.59852216,39.97436413,8.381924191,5.222680197,68.40756007,17.85965617,26.3501244,26.03273078,0,0
653,20.9200554,6.964771057,30.22357829,2.31300961,45.72944978,30.22357829,41.07768834,39.52710119,27.12240399,26.02812987,0,0
654,36.88499477,24.26199372,49.50799581,8.483242411,2.171741887,5.327492149,62.13099686,25.83986885,26.82604081,26.03240505,0,0
655,26.64816028,26.64816028,20.40545051,39.13357981,9.480708429,1.677321224,75.02916095,14.16274075,26.64816028,26.03657844,0,0
656,30.09361416,11.45191127,20.77276271,22.32623795,25.43318844,0.57758458,68.93049518,31.6470894,26.40411046,26.03631379,0,0
657,18.63798077,7.68540126,26.46125185,34.28452293,26.46125185,17.07332656,34.28452293,49.93106509,26.85241541,26.03867531,0,0
658,12.11787975,46.64299842,12.11787975,19.96449763,13.68720333,13.68720333,85.87608782,1.132614722,25.65329559,26.04523059,0,0
659,32.12171332,30.57902499,22.86558332,53.71934999,16.69482998,22.86558332,52.17666166,21.32289499,31.5432052,25.92601414,0,0
660,11.22682399,20.7382357,12.81205927,44.51676499,28.66441213,33.42011799,49.27247085,30.24964742,28.86256654,25.86982607,0,0
661,21.1568861,13.42716905,13.42716905,28.88660315,31.97848997,10.33528223,70.62707521,24.24877292,26.76093096,25.87285941,0,0
662,13.90679182,0,13.90679182,13.90679182,29.5601024,38.95208875,78.08536519,18.602785,25.8650896,25.8682585,0,0
663,37.29215485,9.073624528,13.77671291,37.29215485,23.18288969,15.34440904,59.23990065,24.75058582,27.49405404,25.87401981,0,0
664,51.35102778,21.53391578,56.05899284,41.93509768,48.21238441,30.94984589,74.89085305,23.10323746,43.50441936,25.89130375,0,0
665,40.35181929,28.11629504,37.29293822,20.46909238,25.05741397,29.64573557,69.41118938,14.35133026,33.08697676,25.89014335,0,0
666,39.72793469,14.35022298,41.31404167,46.07236262,6.419688069,11.17800901,57.17511149,23.86686487,30.01302942,25.88381201,0,0
667,34.26351091,12.35134789,37.39381992,23.3074294,6.090729878,0,57.74082845,29.56804741,25.08946423,25.89120196,0,0
668,23.28320719,27.98015369,42.07099318,17.02061185,4.495421191,2.929772358,56.16183268,15.45496302,23.67461939,25.89584359,0,0
669,39.10469436,6.314914396,48.47320292,25.05193152,20.36767724,23.49051342,43.78894864,25.05193152,28.95547675,25.89775724,0,0
670,40.41195486,18.45846455,26.2989968,37.27574196,13.7541452,1.209293587,57.66112582,24.73089035,27.47507664,25.94757327,0,0
671,39.52882948,24.02340114,42.62991515,24.02340114,16.27068697,5.416887133,56.58480065,27.12448681,29.45030106,25.89761473,0,0
672,27.81521901,23.1075159,38.7998596,19.96904717,5.845937842,0,38.7998596,0,19.29217989,25.89798118,0,0
673,16.90333433,10.63188787,45.12484343,37.28553535,4.360441401,5.928303018,31.01408888,34.14981211,23.1747808,25.90604295,0,0
674,15.05943887,2.704448162,55.21315868,38.22504645,5.79319584,2.704448162,53.66878484,4.248822001,22.20216788,25.91054206,0,0
675,7.095837289,33.86483332,14.96907142,49.61130158,3.946543638,5.521190463,48.03665475,5.521190463,21.07082787,25.89794046,0,0
676,32.49058812,16.79072489,21.50068386,19.93069754,5.800820633,8.940793279,51.33042399,32.49058812,23.65941505,25.90541185,0,0
677,19.77616711,29.03276322,22.86169915,22.86169915,5.89127296,13.60510305,38.28935932,13.60510305,20.74039588,25.91011455,0,0
678,32.7971307,12.47998417,35.92284555,28.10855843,3.102839619,12.47998417,48.42570496,21.85712873,24.39677204,25.90785481,0,0
679,16.43652339,32.20321709,16.43652339,25.89653961,18.01319276,8.553176542,74.77329008,6.976507172,24.91112125,25.90775302,0,0
680,39.61679966,14.84420465,36.52022529,24.13392778,11.74763028,13.29591747,59.74453311,11.74763028,26.45635857,25.92581056,0,0
681,25.5407931,14.45112399,39.7989391,25.5407931,28.70926999,22.37231621,66.73099266,17.61960088,30.09547863,25.93069648,0,0
682,26.69076916,3.294206128,22.01145655,7.973518734,20.45168569,40.72870698,68.80458262,22.01145655,26.4957978,25.98045143,0,0
683,38.22229871,32.04452858,35.13341364,16.60010325,5.789005526,4.244562994,62.93337922,13.51121819,26.05981376,25.92980073,0,0
684,46.43592996,2.324342871,13.35223964,51.16217144,7.050584345,5.47517052,55.88841291,10.20141199,23.98628296,25.92355083,0,0
685,27.81644417,13.69357455,49.78535247,1.139912671,18.40119776,7.416743612,59.20059888,13.69357455,23.89342483,25.93796429,0,0
686,24.39859794,21.31282643,15.14128341,12.05551189,27.48436946,39.82745551,49.08477004,30.57014097,27.48436946,25.93356696,0,0
687,18.56123308,6.032192018,23.25962348,18.56123308,24.82575361,6.032192018,45.18544534,10.73058242,19.14853188,25.93853431,0,0
688,15.643803,31.26532096,56.2597497,14.0816512,4.708740422,4.708740422,67.19481228,12.5194994,25.79778967,25.93853431,0,0
689,40.43087016,12.21391392,12.21391392,15.34913128,12.21391392,35.72804412,56.10695696,29.4576094,26.71429421,25.93144973,0,0
690,23.11626438,29.39248769,4.287594427,4.287594427,21.54720855,37.23776684,65.48077176,15.27098523,25.07758416,25.93018753,0,0
691,20.0279033,32.57254592,34.14062625,31.00446559,20.0279033,4.347100025,57.66183116,18.45982297,27.28027481,25.92375441,0,0
692,19.73380668,35.16961309,33.62603245,15.10306476,15.10306476,15.10306476,62.95406462,12.01590347,26.10107682,25.93065577,0,0
693,21.23257286,21.23257286,3.903738894,21.23257286,22.80792141,16.50652724,48.01349809,22.80792141,22.2171657,25.98446196,0,0
694,43.51244157,27.82145312,21.54505774,2.715871598,30.95965081,12.13046467,57.63433118,2.715871598,24.87939279,25.93603028,0,0
695,28.99933766,7.390440421,27.455845,24.36885968,25.91235234,18.19488904,72.21713213,21.28187436,28.22759133,25.92458908,0,0
696,41.3656576,0.16314673,6.501994557,4.9172826,14.42555434,60.38220108,66.72104891,11.25613043,25.71662703,25.93829002,0,0
697,22.04389191,3.334425966,54.78545731,22.04389191,1.775303804,11.13003678,87.52702271,4.893548128,25.94169731,25.9376182,0,0
698,20.50028627,3.353289196,42.3237371,43.88255502,8.029742944,0.235653363,75.05891334,0,24.17302215,25.93696675,0,0
699,32.85865296,21.92866623,29.73579961,25.05151959,17.24438621,39.10435966,70.33289317,17.24438621,31.68758296,25.95557396,0,0
700,51.72346844,17.46270411,26.80654892,29.92116386,11.23347423,12.7907817,51.72346844,6.561551818,26.02789519,25.95467821,0,0
701,21.61164587,3.167327252,24.68569897,21.61164587,26.22272553,33.90785828,63.11136276,26.22272553,27.56762376,25.95697866,0,0
702,41.10080394,10.85527083,15.63088132,36.32519345,1.30404985,7.671530505,44.28454427,4.487790178,20.20750804,25.95237775,0,0
703,47.07426012,36.17778426,43.9609813,31.50786604,47.07426012,20.61139018,53.30081775,29.95122663,38.7073233,25.98607024,0,0
704,12.38487372,1.43298294,20.20765286,1.43298294,20.20765286,56.19243686,49.93421356,23.33676451,23.14119503,26.03584555,0,0
705,32.52519905,19.9717477,27.81765479,23.11011054,43.50946897,10.5566592,73.3239159,4.279933529,29.38683621,25.98590738,0,0
706,37.29356414,31.02292056,20.04929428,35.72590325,9.075668007,24.75227697,78.05274745,10.6433289,30.82696294,25.97373329,0,0
707,8.851979372,22.75591472,21.21103302,27.39055984,27.39055984,22.75591472,44.3842586,30.48032325,25.65256792,25.9868642,0,0
708,22.58145215,5.201778142,44.70103725,39.96112616,6.781748506,8.36171887,41.54109652,9.941689235,22.38395585,25.9868642,0,0
709,34.68397094,14.46710481,56.45598063,20.687679,8.246530612,3.581099965,75.11770322,2.025956416,26.9082532,26.00392421,0,0
710,4.840364439,29.80026885,39.160233,31.36026287,12.64033457,14.20032859,70.36011351,6.400358464,26.09528304,25.97186036,0,0
711,32.629488,46.73029284,21.66219535,15.39517098,20.09543926,18.52868317,68.66487814,15.39517098,29.88766484,25.97049637,0,0
712,16.76320041,60.73735869,13.62218911,40.3207852,13.62218911,10.4811778,56.02584173,7.340166499,27.36411357,25.97049637,0,0
713,28.61469605,22.40727831,30.16655048,20.85542388,16.19986058,5.33687954,50.34065812,30.16655048,25.51098718,25.96424647,0,0
714,27.91977318,32.62065754,40.4554648,38.88850335,7.549274294,16.95104301,63.95988659,16.95104301,30.66195572,25.97179928,0,0
715,52.97494776,31.02992338,23.19241468,18.48990945,12.21990249,7.517397263,68.64996517,7.517397263,27.69898218,25.97179928,0,0
716,32.04988161,32.04988161,13.51803114,38.2271651,13.51803114,13.51803114,86.10111215,7.340747655,29.54036019,26.02185961,0,0
717,37.01139741,18.11481663,25.98839196,18.11481663,10.24124131,2.367665985,70.08041377,2.367665985,23.03580121,25.9720843,0,0
718,39.38420017,11.40767718,45.60120528,31.61294378,20.73318484,14.51617973,59.58946678,16.07043101,29.8644111,25.9766852,0,0
719,46.75678942,26.39909126,24.83311448,15.43725379,42.05885908,13.87127701,82.7742554,10.73932345,32.85874549,25.97666485,0,0
720,26.25844143,65.48267471,18.41359478,24.6894721,18.41359478,8.999778788,68.62061338,7.430809457,29.78862243,25.97988141,0,0
721,36.56303918,47.39373981,35.01579624,28.82682445,10.25990909,5.618180248,62.86616928,4.070937301,28.82682445,25.9795964,0,0
722,33.98531532,52.8466538,15.12397684,18.26753325,18.26753325,10.40864221,74.85154869,4.121529388,28.48409159,25.97953532,0,0
723,20.0135667,41.97062682,12.17175952,43.53898826,7.466675205,7.466675205,54.51751832,4.329952331,23.9344703,25.98629418,0,0
724,29.8092879,46.96701753,31.36908151,51.64639833,25.1299071,17.33093909,65.68454075,17.33093909,35.65851391,26.03047104,0,0
725,34.48584994,9.528078491,18.88724279,34.48584994,11.08793921,15.76752135,43.84501424,28.24640708,24.54173788,26.01695333,0,0
726,21.5487684,10.56559597,41.94608861,41.94608861,13.70364524,0,29.39389156,38.80803935,24.73901472,26.03957107,0,0
727,29.48696092,32.62087376,23.21913522,16.95130952,7.54957098,4.415658132,42.02261231,20.08522237,22.0439179,26.0988332,0,0
728,38.20822641,27.39466604,22.76028302,13.49151698,16.58110566,2.6779566,47.47699245,1.133162261,21.21548868,26.04842679,0,0
729,19.69678311,10.24934583,32.29336616,18.12221023,14.97306447,3.951054314,44.8899492,8.674772954,19.10631828,26.03881782,0,0
730,29.36087883,46.62821956,45.05846131,21.51208759,19.94232934,19.94232934,52.90725255,12.0935381,30.93063708,26.05166372,0,0
731,32.1431254,38.31193218,7.46789827,10.55230166,41.39633557,13.63670505,42.93853727,22.88991522,26.16709383,26.0563257,0,0
732,31.35121577,29.79101613,25.1104172,32.91141541,3.267622218,3.267622218,70.35620681,0.147222935,24.52534234,26.0563257,0,0
733,35.7361485,60.8147247,31.03391546,9.090161293,7.522750281,16.92721635,63.94954672,15.35980534,30.05428358,26.05777112,0,0
734,12.16656672,34.12492504,41.96719587,23.14574588,9.029658389,4.324295892,57.65173753,2.755841726,23.14574588,26.05931832,0,0
735,40.37131573,38.80213982,4.280269981,16.8336772,16.8336772,18.4028531,67.04730606,1.141918177,25.46414466,26.06418389,0,0
736,37.68863519,34.57306695,8.090736912,18.99522575,18.99522575,31.45749871,61.055397,20.55300987,28.92609952,26.05870758,0,0
737,62.53179552,25.06359104,34.43064216,6.329488796,1.645963236,9.451839169,62.53179552,4.768313609,25.84417863,26.07650048,0,0
738,45.13652541,10.6509128,23.19113557,12.21844065,2.813273575,31.0287748,51.40663679,7.515857112,22.99519459,26.11705361,0,0
739,30.98985937,15.3057365,15.3057365,2.758438209,32.55827166,15.3057365,56.08445597,30.98985937,24.91226176,26.07666334,0,0
740,19.69976707,4.257414578,16.61129657,0,32.05364906,33.5978843,79.92494177,16.61129657,25.34453124,26.07666334,0,0
741,29.8748044,12.73308992,36.10815512,34.54981744,11.17475224,6.499739197,53.2498696,1.824726156,23.25186926,26.08006313,0,0
742,30.96204268,29.3929982,24.68586474,21.54777577,18.4096868,5.857330927,54.49770995,5.857330927,23.9013425,26.10090972,0,0
743,27.88565248,20.04713645,12.20862041,4.370104376,13.77632362,21.61483965,41.99498134,15.34402683,19.65521064,26.09014034,0,0
744,30.99637026,20.01852007,21.58678438,1.199348325,27.85984163,23.1550487,63.92992082,32.56463457,27.66380859,26.08722914,0,0
745,37.26522136,12.17130991,30.9917435,7.466201513,30.9917435,7.466201513,51.38054656,35.6968519,26.67872747,26.08572265,0,0
746,18.1444406,11.96666253,7.333328984,28.95555222,27.4111077,33.58888577,64.47777611,15.05555157,25.86666319,26.08413473,0,0
747,44.88558929,3.943455613,27.56391735,24.41452245,2.368758164,19.6904301,62.20726122,24.41452245,26.18605708,26.08413473,0,0
748,33.5682147,15.02911183,41.2928409,35.11313994,11.93926135,7.304485632,79.91597189,2.669709914,28.35409202,26.08413473,0,0
749,41.73679331,11.81784934,30.71402448,3.944443028,29.13934322,3.944443028,81.10382486,2.369761766,25.59631038,26.07939131,0,0
750,23.07582561,34.06499338,37.2047556,21.5059445,4.237252289,8.946895619,82.73130779,5.807133399,27.19676352,26.13836844,0,0
751,13.60378935,47.54515782,32.11726306,22.8605262,4.347052492,7.432631444,79.94373681,7.432631444,26.91034858,26.08216,0,0
752,51.00540202,6.752216756,27.29833849,30.45928029,5.171745853,0.430333146,85.77576188,0.430333146,25.91542645,26.08969246,0,0
753,25.31896271,3.536993501,5.092848444,9.760413275,25.31896271,33.09823743,68.88290113,20.65139788,23.95758964,26.08969246,0,0
754,16.62249232,15.0493318,26.06145545,27.63461598,19.76881336,15.0493318,60.67098694,33.92725806,26.84803571,26.08969246,0,0
755,30.36793066,44.29434452,13.34675815,13.34675815,19.53627542,8.704620192,81.43144817,7.157240874,27.27317202,26.09411015,0,0
756,31.44051994,12.74247992,34.55685994,39.23136995,4.951629916,4.951629916,85.97646999,0,26.73136995,26.08325933,0,0
757,16.83812866,16.83812866,5.854485278,0,27.82177205,52.92724264,70.18725367,24.68358822,26.8938249,26.0997086,0,0
758,26.31871811,23.18334441,7.506475926,2.80341538,18.48028387,37.29252605,74.91701042,12.20953647,25.33891383,26.0997086,0,0
759,26.94060429,19.16832815,9.841596784,22.27723861,26.94060429,12.95050724,87.56435818,2.069320645,25.96906977,26.10420771,0,0
760,35.86178484,26.47570457,9.267890745,23.34701115,9.267890745,0,68.71306577,29.60439799,25.31721823,26.1144885,0,0
761,32.52436555,63.90838157,12.12475513,0,7.417152726,1.140349521,93.72319679,2.709550322,26.69346895,26.17118553,0,0
762,15.34360213,32.58842392,38.85926821,23.18215749,4.369624632,5.937335704,87.45831143,1.234202489,26.12161575,26.12588898,0,0
763,38.22412446,16.60256802,8.880583575,13.51377424,28.95774313,2.702996021,75.28964978,16.60256802,25.09675091,26.12257063,0,0
764,13.99791243,53.08977042,7.743215155,9.306889474,18.68893539,12.43423811,74.98121089,1.488517877,23.96633622,26.13085633,0,0
765,19.40998858,14.66939967,36.79214791,32.051559,5.188221859,0,81.03764437,11.50900707,25.08224606,26.13942705,0,0
766,52.12788878,13.52134748,21.24265574,15.06560913,2.711515912,1.16725426,73.74755191,8.888562521,23.55904822,26.15025751,0,0
767,29.10436926,48.00987079,13.34978465,16.50070157,2.321575422,2.321575422,85.82087385,5.472492344,25.36265541,26.17226451,0,0
768,13.68700394,21.53363995,24.67229435,21.53363995,10.54834954,16.82565834,62.33614717,30.94960315,25.26079205,26.17130768,0,0
769,25.42633021,51.83783826,11.44376713,20.76547585,3.675676525,0,89.12467316,0.568440284,25.35527518,26.16743966,0,0
770,30.0526253,34.71578361,36.27016971,9.845605937,36.27016971,31.6070114,56.47718907,30.0526253,33.1613975,26.3099253,0,0
771,38.56761917,27.54129441,24.3909159,29.11648366,48.01875468,33.84205141,71.64659346,25.96610515,37.38622723,26.38667496,0,0
772,33.47089201,22.64057211,42.75402336,19.54619499,4.074309412,11.8102522,79.88654875,4.074309412,27.28213778,26.4314422,0,0
773,14.41557222,54.03799249,36.60412757,19.17026265,11.2457786,12.83067541,87.32082551,0,29.45315431,26.39298594,0,0
774,15.17592624,15.17592624,35.22525276,12.09141447,21.34494979,36.76750865,81.49292936,1.29562326,27.32119135,26.39298594,0,0
775,39.85695528,12.95085632,11.36814462,5.037297804,20.86441484,22.44712654,60.43220742,33.52610846,25.81038891,26.39298594,0,0
776,25.68491753,36.52253372,24.13668664,11.75083956,17.9437631,24.13668664,65.93892053,17.9437631,28.00726385,26.39410563,0,0
777,29.13595093,18.11265441,11.81362783,21.2621677,11.81362783,18.11265441,77.95340696,16.53789777,25.59274848,26.38388591,0,0
778,27.41326732,33.59086159,15.05807878,44.40165156,2.702890234,5.79168737,81.46721719,7.336085938,27.2202175,26.3917441,0,0
779,30.32772722,28.74426648,27.16080573,23.99388424,1.825433815,4.992355305,74.66462808,11.32619828,25.37941239,26.39573427,0,0
780,26.02277946,15.2344348,19.85801108,29.10516365,10.61085851,19.85801108,38.35231622,55.30542926,26.79337551,26.41263141,0,0
781,37.16869682,2.611480073,16.74852329,27.74400134,15.17774071,19.89008845,56.01808778,35.59791424,26.36956659,26.4033278,0,0
782,26.23910272,43.50229145,8.975913997,23.10034114,19.96157955,1.129010032,67.04300334,24.66972193,26.82762052,26.41688623,0,0
783,38.88847883,16.9510097,24.7858201,23.21885802,7.549237208,10.68316137,76.49556878,10.68316137,26.15691192,26.42435761,0,0
784,28.95822061,32.04699363,22.78067458,24.32506109,16.60312855,13.51435553,47.49085871,25.8694476,26.44859254,26.47653517,0,0
785,43.70055783,28.06182389,29.62569729,40.57281104,26.4979505,40.57281104,53.08379819,31.18957068,36.66312756,26.18838804,0,0
786,8.335719555,66.8112088,17.81823132,8.335719555,0,9.916138183,2.014045041,5.174882298,14.80074309,26.17055443,0,0
787,21.27554414,28.99362805,16.6446938,27.45001127,0,1.208525981,12.01384345,2.752142762,13.79229868,26.1703305,0,0
788,23.98880021,22.40523354,22.40523354,41.40803349,3.402433595,1.818866932,0.23530027,0.23530027,14.48740023,26.17171484,0,0
789,31.29526955,1.62731776,46.90998101,28.17232725,3.188788907,0,1.62731776,0.065846614,14.11085611,26.17171484,0,0
790,8.294604435,47.15282289,9.848933173,40.93550794,0.522960743,3.63161822,0.522960743,0,13.86367602,26.16760252,0,0
791,38.98201117,29.59462827,37.41744735,26.46550064,0,7.690734848,28.03006446,18.64268156,23.35288354,26.18063164,0,0
792,18.39450197,45.07322248,29.37985747,35.65720348,1.131800462,2.701136963,10.54781947,2.701136963,18.19833491,26.18063164,0,0
793,18.26620626,21.35050037,33.68767678,36.77197088,2.844735747,0,2.844735747,1.302588695,14.63355181,26.17546071,0,0
794,6.470662656,3.300176644,9.641148668,3.300176644,19.1526067,30.24930774,22.32309271,14.39687769,13.60425618,26.1662589,0,0
795,18.03505037,16.48854188,10.30250795,31.95362672,10.30250795,13.39552491,14.9420334,18.03505037,16.68185544,26.2309159,0,0
796,9.20518646,34.25203157,20.1631812,4.508903001,9.20518646,6.074330821,17.03232556,10.77061428,13.90146992,26.17839226,0,0
797,15.39413598,26.3615628,15.39413598,29.49511332,7.560259681,15.39413598,1.293158642,12.26058546,15.39413598,26.17501284,0,0
798,38.7961408,19.96418413,23.10284358,21.53351385,2.701557177,0,2.701557177,0,13.59997459,26.17501284,0,0
799,15.1397332,29.02595868,50.62675386,19.76847502,4.339335606,1.253507722,4.339335606,0,15.56163746,26.1747889,0,0
